_runtime,_step,_timestamp,run_id,train/clip_ratio/high_max,train/clip_ratio/high_mean,train/clip_ratio/low_mean,train/clip_ratio/low_min,train/clip_ratio/region_mean,train/completions/clipped_ratio,train/completions/max_length,train/completions/max_terminated_length,train/completions/mean_length,train/completions/mean_terminated_length,train/completions/min_length,train/completions/min_terminated_length,train/diagnostics/group_sampling/reward_fn/all_fail_fraction,train/diagnostics/group_sampling/reward_fn/all_pass_fraction,train/diagnostics/group_sampling/reward_fn/degenerate_fraction,train/diagnostics/group_sampling/reward_fn/mean_detected_per_group,train/diagnostics/group_sampling/reward_fn/pass_at_1,train/diagnostics/group_sampling/reward_fn/rescuable_all_fail_fraction,train/diagnostics/group_sampling/reward_fn/scalar_range_mean,train/diagnostics/group_sampling/reward_fn/scalar_std_mean,train/diagnostics/group_sampling/reward_fn/solved_fraction_pass_at_k,train/diagnostics/netlist_diversity/cumulative_unique_seen,train/diagnostics/netlist_diversity/effective_batch_unique_count,train/diagnostics/netlist_diversity/effective_batch_unique_fraction,train/diagnostics/netlist_diversity/unique_in_generation_batch,train/entropy,train/epoch,train/frac_reward_zero_std,train/gdpo/advantage_mean,train/gdpo/advantage_std,train/gdpo/missing_row_fraction,train/gdpo/objective_active_fraction/activation,train/gdpo/objective_active_fraction/detection,train/gdpo/objective_active_fraction/fidelity,train/gdpo/objective_active_fraction/format,train/generation/tokens_per_sec,train/generation/total_time_sec,train/global_step,train/grad_norm,train/kl,train/learning_rate,train/loss,train/loss/accumulation_scale,train/num_tokens,train/reward,train/reward_std,train/rewards/reward_fn/component_mean/activation,train/rewards/reward_fn/component_mean/detected_faults_acc,train/rewards/reward_fn/component_mean/detection,train/rewards/reward_fn/component_mean/expected_output_acc,train/rewards/reward_fn/component_mean/fault_detected_by_pred_input_vector_acc,train/rewards/reward_fn/component_mean/fault_mention,train/rewards/reward_fn/component_mean/fault_site_activated_acc,train/rewards/reward_fn/component_mean/fidelity,train/rewards/reward_fn/component_mean/format,train/rewards/reward_fn/component_mean/format_compliance,train/rewards/reward_fn/component_mean/input_vector_acc,train/rewards/reward_fn/component_mean/pi_completeness,train/rewards/reward_fn/component_mean/pred_vs_fault_sim_acc,train/rewards/reward_fn/component_mean/sim_table_present,train/rewards/reward_fn/component_mean/simulation_valid,train/rewards/reward_fn/component_mean/simulator_error,train/rewards/reward_fn/component_mean/tool_response_fidelity,train/rewards/reward_fn/mean,train/rewards/reward_fn/raw_mean,train/rewards/reward_fn/std,train/sampling/importance_sampling_ratio/max,train/sampling/importance_sampling_ratio/mean,train/sampling/importance_sampling_ratio/min,train/sampling/sampling_logp_difference/max,train/sampling/sampling_logp_difference/mean,train/step_time,train/tools/call_count,train/tools/call_frequency,train/tools/failure_count,train/tools/failure_frequency,train/tools/failure_rate
8906.886433395,1854,1788988858.0933065,5gmb8rfn,0,0,0,0,0,0.04687500147459408,11321.25,6362.25,3474.9653523763022,3103.999557495117,1541.375,1541.375,0.09722222511967023,0.055555557211240135,0.027777778605620067,8.65277803937594,0.5407986274609963,0.6666666666666666,1.2547759997347991,0.4772047310446699,0.9027777823309103,59,59,0.8194444444444444,3,0.0370787116989959,0.001406799531066823,0.027777778605620067,-1.875580274424138e-09,0.9999097759524981,0,0.9166666716337204,0.8472222288449606,0.9027777823309103,0.9027777823309103,979.9637500000002,173.23562500000003,1,0.042236328125,0,0,0.1521,0.04166666666666643,7766312.0,-1.765372940424707e-09,0.9738555823763212,0.6527777773638567,0.8515625,0.5407986125598351,0.022569444496184587,0.5407986125598351,0.8515625,0.6527777773638567,0.35002708931763965,0.49698496361573535,0.809461789826552,0.805555559694767,0.8984490409493446,0.9114583308498064,0.9609375,0.9123263855775198,0.013020833255723119,0.9058259452382723,-1.8755801263944014e-09,0.7988477163016796,0.9999097759524981,2.887327571709951,0.9996861815452576,7.408136259592489e-12,26.760687589645386,0.011354336379251132,6367.601682793349,15.75,0.9765625273187956,0.041666666666666664,0.005103458029528459,0.0024509803921568627
14662.422758548,3129,1788994613.6296635,5gmb8rfn,0,0,0,0,0,0.04861111240461469,10464.375,5923.375,3006.157201131185,2614.1964721679688,1196.6666666666667,1196.6666666666667,0.0416666679084301,0.18055556093653044,0.013888889302810034,10.986111372709274,0.6866319607943296,0.6666666666666666,1.1617048320670922,0.42633653959880274,0.9583333358168602,106,71,0.9861111111111112,3,0.03897174856926237,0.002813599062133646,0.013888889302810034,-2.5358636857042427e-09,0.9999033957719803,0,0.7916666753590107,0.7777777848144373,0.9583333358168602,0.9583333358168602,1005.4250000000002,153.36658333333335,2,0.04638671875,0,5.000000000000001e-07,0.1615,0.04166666666666643,14863997.0,-4.145177673331446e-10,0.9441728616754214,0.7256944496184587,0.8368055646618208,0.6866319483766953,0.02170138891475896,0.6866319483766953,0.8368055646618208,0.7256944496184587,0.44144247223933536,0.6345031081388394,0.8155381853381792,0.8732638880610466,0.9125854025284449,0.919270838300387,0.9626736169060072,0.922743059694767,0.006944444651405017,0.9157503967483839,-2.5358636301930915e-09,0.9880692033718029,0.9999033957719803,2.8903715014457703,0.9996209070086479,1.100235337135683e-11,26.40104118982951,0.012809564204265675,5732.492222195491,15.291666666666666,0.9739583532015482,0.041666666666666664,0.0052129547111690044,0.0026041666666666665
20043.637159933,4404,1788999994.8441315,5gmb8rfn,0,0,0,0,0,0.028645833876604836,9715.375,5763.125,2705.781321207682,2453.1631215413413,975.5416666666666,975.5416666666666,0.0416666679084301,0.11111111442248027,0.013888889302810034,9.97222258647283,0.6232639116545519,0.6666666666666666,1.2555209671457608,0.4565528482198715,0.9583333358168602,140,70,0.9722222222222222,3,0.03892417548437758,0.004220398593200469,0.013888889302810034,-6.5709983380439025e-09,0.9999203557769457,0,0.8750000049670538,0.8472222276031971,0.9444444477558136,0.9583333358168602,1039.0645833333335,141.42475,3,0.048828125,0.0003221752356049971,1.0000000000000002e-06,0.0946,0.04166666666666643,21288721.0,-6.5001913203873345e-09,0.9565704415241877,0.6857638880610466,0.875,0.6232638893028101,0.07031249953433871,0.6232638893028101,0.875,0.6857638880610466,0.4149761460721493,0.5781995033224424,0.8298610970377922,0.8706597238779068,0.9295580337444941,0.9383341545859972,0.9739583333333334,0.9383680621782938,0.007812500232830644,0.9355044638117155,-6.570998153006731e-09,0.9066100617249807,0.9999203557769457,2.8698997497558594,0.999586654206117,4.487673373328027e-12,26.88833983739217,0.014719762412520746,5359.401368293911,15.666666666666666,0.9887152935067812,0.041666666666666664,0.009492315196742615,0.0024509803921568627
25776.245725609,5679,1789005727.4526796,5gmb8rfn,0,0,0,0,0,0.04079861224939426,10290.583333333334,5817.791666666667,2861.874226888021,2525.12766011556,950,950,0.06944444651405017,0.0833333358168602,0.013888889302810034,8.930555899937948,0.5581597437461218,0.8,1.2534159918626149,0.48938919603824615,0.930555559694767,172,70,0.9722222222222222,3,0.03905718873041527,0.005627198124267292,0.013888889302810034,-3.4665896912292973e-09,0.9999217614531517,0,0.8888888942698637,0.8472222288449606,0.930555559694767,0.9166666716337204,976.0908333333333,151.7470416666667,4,0.059326171875,0.0004228307596273832,1.5e-06,0.0824,0.04166666666666643,27990384.0,-2.558364922689016e-09,0.9581862762570381,0.6484375049670538,0.8680555522441864,0.5581597251196703,0.03993055643513799,0.5581597251196703,0.8680555522441864,0.6484375049670538,0.36839614373942214,0.5178475634505352,0.8237846915920576,0.8689236119389534,0.9225500971078873,0.9314236119389534,0.9678819502393404,0.93315972139438,0.0026041667442768812,0.9300038466850916,-3.4665895524514192e-09,0.8198407304783663,0.9999217589696249,2.8473256727059684,0.9995764568448067,9.087472367580595e-12,25.78125,0.014706289395689964,5712.827670358121,15.958333333333334,0.9861111342906952,0.16666666666666666,0.009701387879128257,0.010130718954248366
31253.443598803,6954,1789011204.650575,5gmb8rfn,0,0,0,0,0,0.03211805612469713,10507.625,5875.333333333333,2714.5095977783203,2420.6358083089194,934.0833333333334,934.0833333333334,0.013888889302810034,0.13888889302810034,0,10.444444765647253,0.6527777978529533,1,1.255827176074187,0.46361654189725715,0.9861111119389534,194,71,0.9861111111111112,3,0.041894668635601796,0.007033997655334115,0,-3.88051078076268e-09,0.9999222730596861,0,0.8611111181477705,0.8472222300867239,0.9861111119389534,0.9861111119389534,976.3633333333333,141.954375,5,0.05126953125,0.0003172113553849461,2.0000000000000003e-06,0.181,0.04166666666666643,34565947.0,-2.4576569367569987e-09,0.9600851684808731,0.7126736106971899,0.862847218910853,0.6527777792265018,0.031250000232830644,0.6527777792265018,0.862847218910853,0.7126736106971899,0.43195363444586593,0.6044084342817465,0.8188657263914744,0.8880208333333334,0.9249008372426033,0.9296061222751936,0.9704861169060072,0.9305555572112402,0.0026041667442768812,0.9267337421576182,-3.880510725251529e-09,0.9475573363403479,0.9999222904443741,2.9532581567764282,0.9996277168393135,9.058770997234818e-12,25.880208333333332,0.015102996529700855,5453.814009319991,15.583333333333334,0.9756944626569748,0,0.0008680555814256271,0
38986.637034272,8810,1789018937.8440173,5gmb8rfn,0,0,0,0,0,0.03211805627991756,10056.291666666666,5016.458333333333,2536.4254099527993,2254.8616333007812,911.5416666666666,911.5416666666666,0,0.055555557211240135,0,10.31944473584493,0.6449652959903082,,1.3859628985325496,0.5229936558753252,1,225,71,0.9861111111111112,3,0.04203151067971097,0.008440797186400938,0,-4.087471477028555e-09,0.9999259213606516,0,0.9305555584530035,0.9444444465140501,1,1,901.6783333333332,147.18191666666667,6,0.05419921875,0.0003239509666930947,2.5e-06,0.1446,0.04166666666666643,40740149.0,-5.781961178360125e-09,0.9982248966892561,0.7230902761220932,0.8888888781269392,0.6449652723968029,0.041666666666666664,0.6449652723968029,0.8888888781269392,0.7230902761220932,0.4202952980995178,0.5964656720558802,0.8305844888091087,0.8880208333333334,0.9282837981979052,0.9391547292470932,0.97222222139438,0.9392361094554266,0.008680555814256271,0.9369949946800867,-4.087471366006253e-09,0.9396201993028322,0.9999259312947592,2.7996945480505624,0.9995008160670599,1.481650652297854e-11,25.533854166666668,0.016217656705218058,5579.874607441947,16.416666666666668,1.0078125248352687,0.4166666666666667,0.009252070604513088,0.017361111111111112
43937.05152429,10085,1789023888.258507,5gmb8rfn,0,0,0,0,0,0.03125000069849193,8664.583333333334,5379.958333333333,2584.7283782958984,2326.2520955403647,803.8333333333334,803.8333333333334,0.11111111442248027,0.0416666679084301,0.027777778605620067,8.805555780728659,0.5503472362955412,0.75,1.2604737132787704,0.49576766168077785,0.8888888955116272,258,72,1,3,0.04016697748496275,0.00984759671746776,0.027777778605620067,-6.963990726675343e-10,0.9999206066131592,0,0.9305555584530035,0.8472222276031971,0.8888888955116272,0.8888888955116272,1118.0458333333333,124.34304166666668,7,0.04931640625,0.0003739996009528568,3e-06,0.0934,0.04166666666666643,46948668.0,1.555611586305054e-09,0.9563431342442831,0.66753472139438,0.8697916691501936,0.5503472251196703,0.05208333387660483,0.5503472251196703,0.8697916691501936,0.66753472139438,0.34476387811203796,0.5087640204777321,0.834635391831398,0.8680555547277132,0.9381408666570982,0.9374678482611974,0.9748263880610466,0.94965277860562,0.007812500155220429,0.935296801229318,-6.963988876303636e-10,0.8116218956808249,0.9999206016461054,2.834182192881902,0.9994725411136945,1.562192993554027e-11,25.520249605178833,0.016301486175507307,4931.13264827989,15.833333333333334,0.993055577079455,0.16666666666666666,0.005708215447763602,0.009029927760577915
49123.328458784,11360,1789029074.5354025,5gmb8rfn,0,0,0,0,0,0.03385416705471774,8842.416666666666,5467.041666666667,2733.197967529297,2464.1927337646484,960.2083333333334,960.2083333333334,0.013888889302810034,0.11111111318071683,0,9.444444636503855,0.5902777897814909,1,1.2891093983004491,0.4899331131018698,0.9861111119389534,283,70,0.9722222222222222,3,0.038953467475948855,0.011254396248534583,0,-5.633208297976348e-09,0.9999084820350012,0,0.8611111169060072,0.8750000049670538,0.9861111119389534,0.9722222238779068,1156.7899999999997,137.732,8,0.2490234375,0.0008335331225453046,3.5e-06,0.0943,0.04166666666666643,53354640.0,-4.708353165683299e-09,0.9889480148752531,0.6727430584530035,0.890625,0.59027777860562,0.0772569455827276,0.59027777860562,0.890625,0.6727430584530035,0.4060240226487319,0.5433097071945667,0.8344907114903132,0.8819444427887598,0.9336291775107384,0.9461534296472868,0.9713541666666666,0.9513888905445734,0.006944444651405017,0.9417151634891828,-5.633208022733556e-09,0.8668338507413864,0.999908484518528,2.821226825316747,0.9995120018720627,2.1915652199751168e-11,25.415364583333332,0.014476563897915184,5164.444753404707,15.791666666666666,0.9835069651405016,0.16666666666666666,0.005068027103940646,0.009259259259259259
53478.2132285,12635,1789033429.42015,5gmb8rfn,0,0,0,0,0,0.02256944488423566,7773.833333333333,4709.5,2297.7708892822266,2099.2008743286133,884.1666666666666,884.1666666666666,0.0416666679084301,0.1666666716337204,0.027777778605620067,9.069444765647253,0.5668402978529533,0.5,1.1604144093580544,0.45827982768726844,0.9583333345750967,316,72,1,3,0.040094046935943574,0.012661195779601406,0.027777778605620067,3.836710729214025e-10,0.9998868554830551,0,0.7500000086923441,0.7916666741172472,0.9583333345750967,0.9583333345750967,1231.3420833333332,111.97491666666663,9,0.054443359375,0.0007010609212253863,4.000000000000001e-06,0.0958,0.04166666666666643,59167816.0,1.0821630166043168e-09,0.9354899177948633,0.6979166691501936,0.8697916666666666,0.5668402804682652,0.10850694434096415,0.5668402804682652,0.8697916666666666,0.6979166691501936,0.38068682327866554,0.5262159835547209,0.843749980131785,0.910590281089147,0.954042154053847,0.9609035948912302,0.9791666716337204,0.9609375049670538,0.006076388992369175,0.9571489791075388,3.8367112843255374e-10,0.8437676119307677,0.9998868579665819,2.8517082085212073,0.9994746968150139,2.9355910014110086e-11,25.508446375528973,0.01649544946849346,4336.543451864272,16.166666666666668,0.9973958432674408,0.5833333333333334,0.014056381614257893,0.020833333333333332
58172.877206649,13910,1789038124.0841465,5gmb8rfn,0,0,0,0,0,0.02777777813995878,8892.875,4985.375,2511.1111501057944,2257.971878051758,1052.4166666666667,1052.4166666666667,0.0416666679084301,0.1666666716337204,0,10.277778108914694,0.6423611318071684,1,1.1805869167049725,0.4506180789321661,0.9583333358168602,339,72,1,3,0.040294676953635644,0.01406799531066823,0,-3.026798501652254e-09,0.9999185999234518,0,0.8194444527228674,0.7916666753590107,0.9583333358168602,0.9583333358168602,1171.1149999999998,120.44195833333335,10,0.056640625,0.0007666914943911252,4.5e-06,0.1447,0.04166666666666643,65190968.0,-2.9168506614681475e-09,0.9382931888103485,0.6840277761220932,0.9157986094554266,0.6423611094554266,0.05815972310180465,0.6423611094554266,0.9157986094554266,0.6840277761220932,0.4226562480131785,0.5960491361717383,0.8392650187015533,0.9253472263614336,0.9555171901981035,0.9618055547277132,0.9748263905445734,0.9626736094554266,0.0034722223257025084,0.9601949378848076,-3.0267983351188e-09,0.927701760083437,0.9999185875058174,2.9516006211439767,0.9995190600554148,2.979404901759957e-11,25.361005783081055,0.01608816908750062,4673.319703662768,15.5,0.976562517384688,0,0,0
65421.521031907,15766,1789045372.7280045,5gmb8rfn,0,0,0,0,0,0.02777777852800985,10072.416666666666,5777.083333333333,2872.055648803711,2624.240951538086,1184.4166666666667,1184.4166666666667,0.0416666679084301,0.0833333358168602,0.027777778605620067,10.333333551883698,0.6458333469927311,0.3333333333333333,1.2846465756495793,0.4717552736401558,0.9583333358168602,355,69,0.9583333333333334,3,0.0386541066642773,0.015474794841735053,0.027777778605620067,-3.104408443273717e-10,0.9999221861362457,0,0.8611111181477705,0.8750000049670538,0.9444444477558136,0.9444444477558136,1089.7716666666665,139.52400000000003,11,0.04736328125,0.0009598207632279809,5e-06,0.1543,0.04166666666666643,71860264.0,-1.4171391884050995e-09,0.9661504551768303,0.7118055572112402,0.8923611169060072,0.6458333333333334,0.06857638930281003,0.6458333333333334,0.8923611169060072,0.7118055572112402,0.4301380372295777,0.5967270657420158,0.8308738122383753,0.8767361144224802,0.9422591129938761,0.9505208333333334,0.97309027860562,0.953125,0.006076389069979389,0.9476028084754944,-3.1044080731993756e-10,0.9396486741801103,0.9999221836527189,2.9138650596141815,0.9995947852730751,8.639990914556528e-11,23.677083333333332,0.013054028987729302,5354.255370948464,15.625,0.9782986293236414,0.08333333333333333,0.0034212470054626465,0.004629629629629629
70499.102483574,17041,1789050450.3093956,5gmb8rfn,0,0,0,0,0,0.02256944488423566,8885.875,5628.125,2568.815170288086,2373.2699228922525,1073.25,1073.25,0.027777778605620067,0.1250000037252903,0,9.055555860201517,0.5659722412625948,1,1.251028560101986,0.4582124073058367,0.9722222238779068,375,71,0.9861111111111112,3,0.04017058017780073,0.016881594372801876,0,8.795825503134699e-10,0.9999217589696249,0,0.8750000062088171,0.8472222300867239,0.9583333358168602,0.9722222238779068,1125.0304166666667,132.81833333333336,12,0.058837890625,0.0014017120652169979,4.999781286194085e-06,0.0998,0.04166666666666643,77995539.0,-7.24361982433012e-10,0.9604739720622698,0.6545138893028101,0.9131944427887598,0.5659722207734982,0.06597222317941487,0.5659722207734982,0.9131944427887598,0.6545138893028101,0.38142337712148827,0.5239205385247866,0.8414351617296537,0.9001736119389534,0.9585399975379308,0.9592013880610466,0.9800347263614336,0.9704861119389534,0.0017361111628512542,0.9563014830152193,8.795824392911674e-10,0.8320814122756323,0.9999217788378397,2.8186801274617515,0.9994636848568916,8.22607820914291e-11,23.947916666666668,0.015232887002639472,5058.088961724192,15.791666666666666,0.9982639054457346,0,0.012702535217007002,0
74665.741920693,18316,1789054616.948828,5gmb8rfn,0,0,0,0,0,0.01475694488423566,7196.416666666667,4725.75,2419.297805786133,2300.3771209716797,872.4583333333334,872.4583333333334,0.0416666679084301,0.1666666716337204,0.013888889302810034,8.847222487131754,0.5529514054457346,0.6666666666666666,1.172338031232357,0.4690928639223178,0.9583333358168602,392,71,0.9861111111111112,3,0.04297417710282995,0.0182883939038687,0.013888889302810034,-7.4442733459060646e-09,0.9999175568421682,0,0.7916666766007742,0.7916666766007742,0.9583333358168602,0.9583333358168602,1291.529583333333,102.89424999999999,13,0.055419921875,0.0016311352518035467,4.999125183044924e-06,0.0737,0.04166666666666643,84082762.0,-7.431338253094388e-09,0.9354345997174581,0.6857638930281004,0.9123263905445734,0.5529513855775198,0.06857638906997938,0.5529513855775198,0.9123263905445734,0.6857638930281004,0.3511719796806574,0.5118196289986372,0.8479455858469009,0.90277777860562,0.9656335587302843,0.9704318592945734,0.9861111169060072,0.9756944427887598,0.006944444651405017,0.9685149490833282,-7.44427286480942e-09,0.8202177373071512,0.9999175568421682,2.80183153351148,0.999455526471138,1.0278538307692457e-10,23.930990139643352,0.01568005431909114,4147.4733779504895,15.791666666666666,0.9887152860562006,0,0.001700680237263441,0
79143.101420333,19591,1789059094.308351,5gmb8rfn,0,0,0,0,0,0.013888889147589603,7905.541666666667,4814.041666666667,2501.742228190104,2380.426717122396,1106,1106,0.013888889302810034,0.2500000074505806,0.013888889302810034,10.902778148651123,0.6814236342906952,0,1.09285556524992,0.4068980185935895,0.9861111119389534,410,72,1,3,0.04067098472539025,0.01969519343493552,0.013888889302810034,-2.651682947292973e-10,0.9999147976438204,0,0.7083333445092043,0.7361111231148243,0.9722222238779068,0.9166666716337204,1216.0191666666667,114.02099999999997,14,0.055908203125,0.0017949698425733611,4.998031805351569e-06,0.1038,0.04166666666666643,90213521.0,-1.0197488686802814e-11,0.9104813660184542,0.7369791691501936,0.9305555522441864,0.6814236119389534,0.05555555604708692,0.6814236119389534,0.9305555522441864,0.7369791691501936,0.455220235666881,0.6272931207592288,0.8423032239079475,0.9079861069718996,0.9675762131810188,0.9722222238779068,0.9861111169060072,0.9791666716337204,0.004340277907128136,0.9700097193320593,-2.651682669737217e-10,0.9880771121631066,0.9999147976438204,2.8316851754983268,0.9994336565335592,2.0399171273533318e-10,23.84635368982951,0.015336576868624737,4455.639543080702,16,0.9939236268401146,0.16666666666666666,0.005936791344235341,0.00980392156862745
83965.464557854,20866,1789063916.671511,5gmb8rfn,0,0,0,0,0,0.019965278295179207,8964.791666666666,5192.916666666667,2566.2136027018228,2395.914037068685,1029,1029,0.055555557211240135,0.13888889302810034,0.027777778605620067,9.638889153798422,0.6024305721124014,0.5,1.1881982535123825,0.4516054814060529,0.9444444477558136,425,70,0.9722222222222222,3,0.04092300090997014,0.021101992966002344,0.027777778605620067,-3.557134975462617e-09,0.9999182398120562,0,0.8055555646618208,0.8055555646618208,0.930555559694767,0.9166666716337204,1162.565416666667,124.29762500000002,15,0.055908203125,0.001979957892975411,4.9965013444234565e-06,0.1453,0.04166666666666643,96453943.0,-2.2465160380106633e-09,0.9390149166186651,0.6927083308498064,0.8888888880610466,0.6024305534859499,0.05208333387660483,0.6024305534859499,0.8888888880610466,0.6927083308498064,0.40448899070421857,0.556310144563516,0.8373842338720957,0.90190972139438,0.9635597541928291,0.9721950938304266,0.980902781089147,0.97309027860562,0.0052083334885537624,0.9677460019787153,-3.5571348274328804e-09,0.8843209519982338,0.9999182298779488,2.8907873233159385,0.9995270147919655,1.5835592947745442e-10,23.461590051651,0.014240714585563788,4800.105646252632,15.916666666666666,1.0069444601734479,0.08333333333333333,0.0017183957000573475,0.00505514705882353
90093.401942873,22722,1789070044.6088939,5gmb8rfn,0,0,0,0,0,0.01909722271375358,7637.375,4629.041666666667,2302.04869333903,2140.2594426472983,962,962,0.0416666679084301,0.15277778233091036,0.013888889302810034,9.916666984558105,0.6197916865348816,0.6666666666666666,1.191883608698845,0.46552448098858196,0.9583333358168602,453,71,0.9861111111111112,3,0.04155960478480362,0.022508792497069167,0.013888889302810034,2.1924886535925245e-09,0.9999192928274473,0,0.8194444539646307,0.8055555659035841,0.9444444477558136,0.9166666716337204,1218.446666666667,108.74712500000003,16,0.05615234375,0.0022898940370244722,4.994534068046936e-06,0.0876,0.04166666666666643,102090047.0,4.745556632842115e-10,0.9413411145408949,0.7378472288449606,0.9192708283662796,0.6197916679084301,0.11545138844909768,0.6197916679084301,0.9192708283662796,0.7378472288449606,0.4119162044177453,0.5733888447284698,0.8447627102335294,0.9314236144224802,0.973405751089255,0.9787326405445734,0.9843750024835268,0.9817708358168602,0.0008680555814256271,0.9776425187786421,2.1924885055627876e-09,0.9153061670561632,0.9999192953109741,2.8478938192129135,0.9994909167289734,2.2491685321536084e-10,23.511017322540283,0.01644777071972688,4267.793053040281,15.916666666666666,0.9991319651405016,0,0.0008503401186317205,0
94918.336214776,23997,1789074869.543169,5gmb8rfn,0,0,0,0,0,0.019965278295179207,8540.833333333334,5348,2599.5061416625977,2426.5082626342773,1015.2916666666666,1015.2916666666666,0.0833333358168602,0.18055556093653044,0,9.777778049310049,0.6111111280818781,1,1.0977370459586382,0.417506505890439,0.9166666703919569,466,71,0.9861111111111112,3,0.03929727401797815,0.02391559202813599,0,-4.216821734385571e-09,0.9998984709382057,0,0.7638888967533907,0.7361111206312975,0.9027777823309103,0.902777781089147,1162.2712499999998,122.48191666666668,17,0.050537109375,0.0022597183521308275,4.992130320438411e-06,0.1205,0.04166666666666643,108348134.0,-2.84570787073557e-09,0.9341617822647095,0.7456597151855627,0.92534722139438,0.6111111075927814,0.059027778605620064,0.6111111075927814,0.92534722139438,0.7456597151855627,0.40223553714652854,0.563748819132646,0.8398437425494194,0.9175347263614336,0.9699633792042732,0.9739149337013563,0.9800347288449606,0.9782986144224802,0.0017361111628512542,0.9714825799067816,-4.2168216603707025e-09,0.9061606042087078,0.9998984783887863,2.8805143237113953,0.9994940633575121,2.7459368510199717e-10,22.458333333333332,0.013718583388254046,4804.973512481898,15.833333333333334,1.0017361268401146,0,0.011964956376080712,0
99818.318514458,25272,1789079769.5254664,5gmb8rfn,0,0,0,0,0,0.015625000310440857,9025.291666666666,5430.125,2558.2656784057617,2430.051856994629,1104.4166666666667,1104.4166666666667,0.013888889302810034,0.23611111814777055,0,10.66666692495346,0.6666666828095913,1,1.12154693591098,0.42279723193496466,0.9861111119389534,479,71,0.9861111111111112,3,0.0396402434950384,0.025322391559202812,0,2.9685906950220145e-09,0.9999019950628281,0,0.7500000086923441,0.7500000074505806,0.9861111119389534,0.9722222238779068,1106.0616666666667,122.6895,18,0.05078125,0.002438764099679247,4.98929052218411e-06,0.0738,0.04166666666666643,114501960.0,4.650145525586513e-09,0.9344704002141953,0.735243059694767,0.9322916691501936,0.6666666679084301,0.08940972348985572,0.6666666679084301,0.9322916691501936,0.735243059694767,0.4546202328056097,0.6153048649430275,0.8464988345901171,0.9296875,0.9762187773982683,0.9817708432674408,0.9878472288449606,0.9817708432674408,0.0026041667442768812,0.9801711613933245,2.9685906580145804e-09,0.9721667145689329,0.9999019900957743,2.7992893904447556,0.9994758168856303,2.3663663644241426e-10,23.13464872042338,0.014980818106171986,4878.957666810602,15.791666666666666,0.9930555671453476,0.125,0.004270833373690645,0.007233796296296296
104194.98200454,26547,1789084146.1889415,5gmb8rfn,0,0,0,0,0,0.018229167132327955,8344.166666666666,4758.875,2251.4861755371094,2093.6141408284507,810.8333333333334,810.8333333333334,0.06944444651405017,0.1666666716337204,0,10.138889213403067,0.6336805758376917,1,1.1375756164391835,0.43103213235735893,0.930555559694767,503,72,1,3,0.04264146467418565,0.026729191090269635,0,3.3631087729505776e-10,0.9999165485302607,0,0.7777777897814909,0.763888900478681,0.930555559694767,0.8888888955116272,1206.0970833333333,110.44549999999998,19,0.0615234375,0.0027136953503941186,4.9860151701665e-06,0.1052,0.04166666666666643,120089080.0,-1.4551915598441194e-09,0.9282738715410233,0.7239583333333334,0.9227430572112402,0.6336805485188961,0.06510416713232796,0.6336805485188961,0.9227430572112402,0.7239583333333334,0.3953909942259391,0.5856459103524685,0.8423032090067863,0.9166666641831398,0.9673623666167259,0.9661458358168602,0.9800347263614336,0.9756944477558136,0.006076389069979389,0.9646286442875862,3.3631095130992605e-10,0.923030628512303,0.9999165460467339,2.7749105195204415,0.9994495734572411,3.459168692228805e-10,22.385416666666668,0.016446268612829346,4358.698207305744,17.208333333333332,1.018229181567828,1.5,0.02550387568771839,0.04071969696969697
108324.808222068,27822,1789088276.0151744,5gmb8rfn,0,0,0,0,0,0.013020833643774191,7206.708333333333,4564.875,2352.2196935017905,2239.4527002970376,1023.625,1023.625,0.013888889302810034,0.19444445023934046,0,10.805555800596872,0.6753472375373045,1,1.1634392887353897,0.43646965983013314,0.9861111119389534,520,72,1,3,0.042065087215936124,0.02813599062133646,0,2.703422509002055e-09,0.9999189724524816,0,0.7361111231148243,0.791666679084301,0.9861111119389534,0.9444444477558136,1269.5112500000002,101.62154166666666,20,0.06396484375,0.0027761427918449044,4.982304837477348e-06,0.0919,0.04166666666666643,125964357.0,1.1318156527736119e-09,0.9384182964762052,0.7439236094554266,0.9296874975164732,0.6753472176690897,0.0746527777519077,0.6753472176690897,0.9296874975164732,0.7439236094554266,0.4505105757464965,0.6250603944063187,0.8483795871337255,0.9401041641831398,0.9807588358720144,0.9826388905445734,0.9904513905445734,0.9843750024835268,0.0034722223257025084,0.9811917419234911,2.7034223979797525e-09,0.9826832624773184,0.9999189699689547,2.897672469417254,0.999471423526605,3.432952752327539e-10,23.319497505823772,0.014733451806629697,4112.150749770924,15.916666666666666,0.9947916815678278,0,0.003401360474526882,0
114368.612073852,29678,1789094319.819033,5gmb8rfn,0,0,0,0,0,0.0164930559694767,7984.541666666667,5276,2404.1467768351235,2269.7473119099936,926.125,926.125,0.055555557211240135,0.1666666716337204,0,10.06944465637207,0.6293402910232544,1,1.1681627904375393,0.4426956033955018,0.9444444477558136,530,71,0.9861111111111112,3,0.0419888982384388,0.029542790152403284,0,2.2636324527776827e-10,0.9999179691076279,0,0.833333340783914,0.7777777885397276,0.9444444477558136,0.9027777835726738,1219.4766666666667,110.36570833333333,21,0.058349609375,0.0028172089796498767,4.978160173317439e-06,0.0979,0.04166666666666643,131924974.0,-1.9725928506371857e-09,0.9332549447814623,0.713541661699613,0.9088541691501936,0.6293402748803297,0.06250000023283064,0.6293402748803297,0.9088541691501936,0.713541661699613,0.40833029833932716,0.580205167333285,0.8389756853381792,0.9140625,0.9650437061985334,0.9701211328307787,0.9826388880610466,0.9739583333333334,0.004340277907128136,0.9671795691053072,2.2636302323316335e-10,0.9184020099540552,0.9999179740746816,2.87512798110644,0.9994744807481766,2.3089096982722065e-10,22.760416666666668,0.01587779016699642,4398.850653173402,15.916666666666666,0.9895833457509676,0.041666666666666664,0.0025347222108393908,0.0024509803921568627
118621.323564619,30953,1789098572.5304847,5gmb8rfn,0,0,0,0,0,0.013020833566163978,7345.541666666667,5067.916666666667,2318.3776652018228,2194.6770375569663,861.75,861.75,0.027777778605620067,0.19444445023934046,0,9.819444676240286,0.6137152922650179,1,1.156586803495884,0.44232998105386895,0.9722222238779068,549,72,1,3,0.04308260365602715,0.030949589683470106,0,-2.949188305604681e-09,0.9999162207047144,0,0.7916666741172472,0.7777777860562006,0.9722222238779068,0.9583333345750967,1221.775,102.92208333333333,22,0.271484375,0.0033466967403607364,4.97358190288299e-06,0.0636,0.04166666666666643,137724401.0,-2.2118911771618066e-09,0.9325737804174423,0.6935763905445734,0.9149305572112402,0.6137152798473835,0.0972222233346353,0.6137152798473835,0.9149305572112402,0.6935763905445734,0.4163491564492385,0.5691240889330705,0.8475115646918615,0.9305555522441864,0.9760227799415588,0.98003472139438,0.98784722139438,0.9826388880610466,0.0034722223257025084,0.9768020287156105,-2.9491881575749446e-09,0.898835421850284,0.9999162058035532,2.8530570367972055,0.9994167735179266,3.3587879852325566e-10,23.56252916653951,0.017240208961690467,4234.527282126248,15.833333333333334,0.9913194527228674,0,0.0025864512814829745,0
122092.715876141,32228,1789102043.9228544,5gmb8rfn,0,0,0,0,0,0.013020833643774191,5845.916666666667,3853.7083333333335,1992.0174153645833,1880.564702351888,786.5,786.5,0.027777778605620067,0.11111111442248027,0,8.958333611488342,0.5598958507180214,1,1.2554606621464093,0.5179777083297571,0.9722222238779068,584,72,1,3,0.042250277067068964,0.03235638921453693,0,-1.7462298366558808e-09,0.9999199360609055,0,0.8055555646618208,0.8611111156642437,0.9583333358168602,0.9583333358168602,1416.3087500000001,84.89150000000002,23,0.06787109375,0.0037645558374303314,4.9685708272387645e-06,0.0541,0.04166666666666643,142768885.0,1.739762250929644e-09,0.964141957461834,0.6805555547277132,0.9123263880610466,0.5598958320915699,0.09375000031044085,0.5598958320915699,0.9123263880610466,0.6805555547277132,0.35971259822448093,0.5174785479903221,0.8462094714244207,0.9340277835726738,0.9744993125398954,0.9772858793536822,0.9861111144224802,0.9826388905445734,0.0017361111628512542,0.9749204715092977,-1.7462297811447296e-09,0.8278511837124825,0.9999199310938517,2.68542151649793,0.9992628221710523,2.152077343732748e-10,22.677083333333332,0.01848170269901554,3455.17780598253,15.791666666666666,0.9991319502393404,0,0.009180791055162748,0
126194.034563933,33503,1789106145.2414935,5gmb8rfn,0,0,0,0,0,0.013020833721384406,6373.791666666667,5605.833333333333,2552.1467895507812,2472.404123942057,1150,1150,0.0416666679084301,0.23611111814777055,0.0416666679084301,10.111111402511597,0.6319444626569748,0,1.065647077281028,0.4048203869412343,0.9583333358168602,599,70,0.9722222222222222,3,0.04047848855649742,0.03376318874560375,0.0416666679084301,2.089819095552059e-09,0.99989353120327,0,0.6805555634200573,0.7222222300867239,0.9583333358168602,0.930555559694767,1382.4933333333336,100.49716666666666,24,0.05810546875,0.0031442667265461446,4.963127823177902e-06,0.026,0.04166666666666643,148862526.0,8.919847545770428e-10,0.9108065838615099,0.6901041691501936,0.9184027761220932,0.6319444465140501,0.05121527845039964,0.6319444465140501,0.9184027761220932,0.6901041691501936,0.4120274006078641,0.5823198935637871,0.8438946555058161,0.9114583358168602,0.9757373655835787,0.981770838300387,0.9913194452722868,0.9843750024835268,0.004340277907128136,0.9794965783754984,2.089819095552059e-09,0.9159919756154219,0.9998935386538506,2.9304490089416504,0.9995165690779686,4.4390656652631586e-10,23.149843215942383,0.016191699542105198,4082.9150733668357,15.958333333333334,0.998263897995154,0.08333333333333333,0.005173656313369672,0.004901960784313725
130115.318567652,34778,1789110066.5255196,5gmb8rfn,0,0,0,0,0,0.015625000310440857,7199.166666666667,4457.375,2161.7058080037436,2023.174969991048,798.1666666666666,798.1666666666666,0.055555557211240135,0.1666666716337204,0,10.055555840333303,0.6284722400208315,1,1.1538625409205754,0.44612265812853974,0.9444444477558136,623,72,1,3,0.04254251760236608,0.035169988276670575,0,-4.643677919043594e-09,0.9999176363150278,0,0.763888900478681,0.7777777897814909,0.9444444477558136,0.9027777835726738,1287.05625,96.66575,25,0.06103515625,0.0032756519937417274,4.95725384306851e-06,0.1501,0.04166666666666643,154288027.0,-2.3541765967194372e-09,0.9338234663009644,0.7343749975164732,0.9062500024835268,0.62847222139438,0.07031250062088172,0.62847222139438,0.9062500024835268,0.7343749975164732,0.40494477314253646,0.5813093036413193,0.8475115473071734,0.930555559694767,0.9733682200312614,0.9798842718203863,0.9861111169060072,0.9809027885397276,0.0026041667442768812,0.9787872309486071,-4.643677734006424e-09,0.9221203997731209,0.9999176387985548,2.900048643350601,0.9993426675597826,2.0758625929408336e-10,23.255208333333332,0.017296293071315933,3902.5604763720185,16,0.9973958457509676,0.20833333333333334,0.007537390027816097,0.011376096491228069
136092.866163817,36634,1789116044.0730968,5gmb8rfn,0,0,0,0,0,0.011284722558533153,7414.25,4396.583333333333,2350.8637771606445,2252.622138977051,993.125,993.125,0.06944444651405017,0.23611111814777055,0.0416666679084301,10.472222526868185,0.6545139079292616,0.4,1.0386301695058744,0.39532904722727835,0.930555559694767,634,69,0.9583333333333334,3,0.040355830855939225,0.0365767878077374,0.0416666679084301,-2.3024363896932223e-09,0.9998893812298775,0,0.6944444539646307,0.6944444552063942,0.930555559694767,0.9166666716337204,1266.7404166666668,103.14745833333335,26,0.060546875,0.0029994189671924687,4.950949914687024e-06,0.084,0.04166666666666643,160148190.0,-2.5525188906971863e-09,0.9017857188979784,0.7430555522441864,0.9157986119389534,0.6545138868192831,0.07118055472771327,0.6545138868192831,0.9157986119389534,0.7430555522441864,0.44987174185613793,0.6072817239910364,0.8524305323759714,0.9401041666666666,0.9761025731762251,0.981641985476017,0.9904513930281004,0.9835069502393404,0.004340277907128136,0.979797326028347,-2.3024363711895055e-09,0.9606162210305532,0.9998893837134043,2.883797973394394,0.9994574040174484,2.782453970305603e-10,23.520833333333332,0.015684351286229987,4178.535809313878,16,0.9965277885397276,0.08333333333333333,0.005119756252194445,0.00505514705882353
140865.819529037,37909,1789120817.0264757,5gmb8rfn,0,0,0,0,0,0.017361111550902326,8377.541666666666,4950.541666666667,2727.898508707682,2592.538243611654,1171.375,1171.375,0.0416666679084301,0.2083333395421505,0.013888889302810034,10.638889094193777,0.6649305683871111,0.75,1.1184764082233112,0.4082845523953438,0.9583333345750967,634,71,0.9861111111111112,3,0.03760835516732186,0.03798358733880422,0.013888889302810034,9.701277697837796e-10,0.9999155054489771,0,0.7638888992369175,0.7500000111758709,0.9583333345750967,0.9583333345750967,1206.8283333333334,120.85737499999999,27,0.053955078125,0.002866044965230685,4.944217141038379e-06,0.0866,0.04166666666666643,166640841.0,3.549534060195055e-09,0.9190537730852762,0.7465277798473835,0.8967013855775198,0.6649305584530035,0.0685763896908611,0.6649305584530035,0.8967013855775198,0.7465277798473835,0.43455388334890205,0.6154151186347008,0.8464988246560097,0.9131944477558136,0.9708236902952194,0.9721408461531004,0.9852430621782938,0.9782986144224802,0.0052083334885537624,0.9684819206595421,9.7012764025776e-10,0.9692440554499626,0.9999155153830847,2.874371071656545,0.9995857601364454,1.5966887518505732e-10,23.738425731658936,0.013115629243354002,4752.727564087138,15.708333333333334,1.011284738779068,0,0.006734693733354409,0
144524.64464468,39184,1789124475.851615,5gmb8rfn,0,0,0,0,0,0.013020833721384406,6915.166666666667,3954.875,1982.2865193684895,1870.4857660929363,820.7083333333334,820.7083333333334,0.027777778605620067,0.13888889302810034,0,9.861111362775167,0.616319460173448,1,1.231208919857939,0.4701746040955186,0.9722222226361433,672,72,1,3,0.04446523777733091,0.03939038686987104,0,1.8885153256024503e-09,0.99990746875604,0,0.8194444539646307,0.8333333395421505,0.9722222226361433,0.9166666691501936,1314.6370833333335,89.22229166666666,28,0.06396484375,0.003277019145267938,4.9370567001630155e-06,0.0968,0.04166666666666643,171538835.0,-9.054525647774388e-11,0.9709428797165552,0.6987847201526165,0.917534718910853,0.6163194477558136,0.12239583488553762,0.6163194477558136,0.917534718910853,0.6987847201526165,0.4052565172314644,0.5668484761069218,0.8407117823759714,0.9470486119389534,0.9767906765143076,0.985243059694767,0.9887152835726738,0.9861111144224802,0.0008680555814256271,0.9824979677796364,1.8885153256024503e-09,0.9004093719025453,0.999907466272513,2.8080165535211563,0.9992392038305601,1.6676774487384464e-10,23.829238176345825,0.020199840616745252,3640.568170674145,15.916666666666666,0.9930555646618208,0,0.0017183957000573475,0
148483.81209135,40459,1789128435.0190544,5gmb8rfn,0,0,0,0,0,0.013020833566163978,6610.333333333333,4771.041666666667,2384.1840998331704,2285.5054092407227,1033.25,1033.25,0.013888889302810034,0.2638888967533906,0.013888889302810034,10.916666885217031,0.6822916803260645,0,1.0697365949551265,0.38714025914669037,0.9861111119389534,672,71,0.9861111111111112,3,0.04082763649785193,0.040797186400937865,0.013888889302810034,-2.6666119405197955e-09,0.9999103198448817,0,0.6805555659035841,0.7222222313284874,0.9583333358168602,0.9583333358168602,1372.9083333333335,94.71045833333334,29,0.058349609375,0.0029116160264190207,4.929469844930753e-06,0.0738,0.04166666666666643,177431927.0,-9.462520951982374e-10,0.902522566417853,0.7526041654249033,0.8923611069718996,0.6822916679084301,0.07291666658905645,0.6822916679084301,0.8923611069718996,0.7526041654249033,0.46021497001250583,0.63243401547273,0.8499710336327553,0.9357638905445734,0.9782969777782758,0.9790346026420593,0.9904513905445734,0.9869791666666666,0.0026041667442768812,0.9754927431543668,-2.666611931267937e-09,0.9941074376304945,0.9999103198448817,2.9057653546333313,0.9995176916321119,1.0774270153745653e-10,24.95214907328288,0.015637354071562488,3941.247386943549,16.375,1.0078125099341075,0.5,0.010192971676588058,0.018518518518518517
152722.93721839,41734,1789132674.1441693,5gmb8rfn,0,0,0,0,0,0.015625000310440857,6891.416666666667,5000.208333333333,2518.29172261556,2378.2095692952475,1040.9166666666667,1040.9166666666667,0.027777778605620067,0.2083333395421505,0,10.291667004426321,0.6432291877766451,1,1.137597066660722,0.4449677560478449,0.9722222238779068,681,72,1,3,0.040432690725234956,0.04220398593200469,0,-1.3193736103644937e-09,0.9999159251650175,0,0.7500000111758709,0.7638888992369175,0.9722222238779068,0.9583333358168602,1347.7545833333334,106.17941666666667,30,0.05126953125,0.0027307899805843285,4.921457902821578e-06,0.0757,0.04166666666666643,183555447.0,-1.7526973761228248e-09,0.9274876763423284,0.737847218910853,0.9010416716337204,0.6432291629413763,0.060763888992369175,0.6432291629413763,0.9010416716337204,0.737847218910853,0.4238856751471758,0.5952893048524857,0.8450520783662796,0.9375,0.976599839826425,0.9833070114254951,0.9869791691501936,0.9835069452722868,0.0017361111628512542,0.9816039949655533,-1.3193736288682108e-09,0.9422325740257899,0.9999159201979637,2.895586018760999,0.9994887585441271,1.501946096790427e-10,23.50908327102661,0.014938840370935699,4220.788814846426,16,0.9965277860562006,0.25,0.005658032527814309,0.01286764705882353
159066.760950857,43590,1789139017.9678957,5gmb8rfn,0,0,0,0,0,0.014756944729015231,7966.458333333333,5573.041666666667,2399.8143208821616,2273.0436401367188,890.0416666666666,890.0416666666666,0.0416666679084301,0.11111111442248027,0.027777778605620067,9.472222536802292,0.5920139085501432,0.6666666666666666,1.2580269897977512,0.48175813257694244,0.9583333358168602,712,72,1,3,0.041326201191016786,0.04361078546307151,0.027777778605620067,-3.7751401911941445e-09,0.9999211678902308,0,0.8472222313284874,0.8472222300867239,0.9444444477558136,0.9444444477558136,1184.41625,112.54924999999997,31,0.052734375,0.0027320828069908507,4.913022275693372e-06,0.0789,0.04166666666666643,189280433.0,-1.4468337268998728e-09,0.9571372891465822,0.6979166666666666,0.9210069477558136,0.592013884956638,0.10069444511706631,0.592013884956638,0.9210069477558136,0.6979166666666666,0.3921054592356086,0.5478307300557693,0.8418691928188006,0.9348958358168602,0.9742390563090643,0.9763106207052866,0.9843750049670538,0.9800347288449606,0.0026041667442768812,0.9747179870804151,-3.775140024660691e-09,0.8723056949675083,0.9999211604396502,2.8515402376651764,0.9994711801409721,1.6316009697828204e-10,23.79687492052714,0.016739792306907475,4442.126326076686,15.958333333333334,0.9973958432674408,0.125,0.005902069077516596,0.007352941176470587
163596.753197301,44865,1789143547.9601135,5gmb8rfn,0,0,0,0,0,0.012152778139958778,8115.791666666667,4830.833333333333,2507.1728159586587,2402.909698486328,1023.4583333333334,1023.4583333333334,0,0.23611111814777055,0,10.305555820465088,0.644097238779068,,1.1358021646738052,0.42743775558968383,1,712,71,0.9861111111111112,3,0.041937836106323324,0.045017584994138334,0,5.096404187554526e-09,0.9999148646990458,0,0.7083333432674408,0.763888897995154,1,1,1218.568333333333,113.07391666666666,32,0.05322265625,0.0025546624389486774,4.904164439536626e-06,0.0954,0.04166666666666643,195428840.0,2.8457078984911455e-09,0.9268601760268211,0.7395833345750967,0.9062499900658926,0.6440972238779068,0.07552083379899462,0.6440972238779068,0.9062499900658926,0.7395833345750967,0.4185616212586562,0.5957481426497301,0.8518518234292666,0.9236111144224802,0.9753725628058115,0.9808620934685072,0.9878472313284874,0.9843750074505806,0.0017361111628512542,0.9790954639514288,5.096404132043375e-09,0.9424928029378256,0.9999148497978846,2.787526627381643,0.9994935616850853,8.479912130989954e-11,24.632161299387615,0.015778616924459737,4507.785556258634,15.708333333333334,0.990451400478681,0.08333333333333333,0.0017368649132549763,0.00522875816993464
168066.027626787,46140,1789148017.2345998,5gmb8rfn,0,0,0,0,0,0.013888889302810034,7830.75,5152.375,2477.8229904174805,2353.917137145996,1064.4166666666667,1064.4166666666667,0.055555557211240135,0.3055555634200573,0.013888889302810034,10.5694446961085,0.6605902935067812,0.75,0.9713534796610475,0.36313089037624496,0.9444444477558136,712,71,0.9861111111111112,3,0.041243842123852424,0.046424384525205156,0.013888889302810034,4.1392121212050864e-10,0.9998915071288744,0,0.6666666803260645,0.638888900478681,0.930555559694767,0.930555559694767,1279.794583333333,114.14837499999999,33,0.05908203125,0.002364480784611563,4.8948859442161876e-06,0.0834,0.04166666666666643,201514668.0,-2.1019433138480537e-09,0.8913465415438017,0.7439236144224802,0.8897569452722868,0.6605902835726738,0.05642361178373297,0.6605902835726738,0.8897569452722868,0.7439236144224802,0.43326491862535477,0.6144085091849169,0.8593749677141508,0.9140625,0.9650765334566435,0.9746913587053617,0.9861111119389534,0.9756944477558136,0.0078125,0.9726454392075539,4.1392121212050864e-10,0.9639445940653483,0.9998915021618208,2.7466740806897483,0.9994745204846064,1.1165674801579244e-10,24.367480993270874,0.015681287894646328,4451.392801737413,16.166666666666668,1.004340295990308,0.3333333333333333,0.014649197769661745,0.01570855614973262
171637.323248533,47415,1789151588.5302198,5gmb8rfn,0,0,0,0,0,0.011284722480922937,6006.5,4298.083333333333,2142.0043919881186,2065.8879216512046,932.2083333333334,932.2083333333334,0.0416666679084301,0.18055556093653044,0.027777778605620067,9.236111332972845,0.5772569583108028,0.3333333333333333,1.156803660094738,0.4687186299512784,0.9583333358168602,740,72,1,3,0.04087352745652121,0.04783118405627198,0.027777778605620067,3.259629117550548e-09,0.9999164690574011,0,0.7638888992369175,0.7777777872979641,0.9583333358168602,0.9583333358168602,1457.1458333333337,88.29983333333335,34,0.0654296875,0.0026350886531266346,4.885188413200075e-06,0.0424,0.04166666666666643,206687585.0,2.4684866095636693e-09,0.9265090276797613,0.6727430516233047,0.9296875024835268,0.5772569480662545,0.12326388914758961,0.5772569480662545,0.9296875024835268,0.6727430516233047,0.38700675358995795,0.5363684206580123,0.8559027537703514,0.9444444452722868,0.9845876321196556,0.9860500718156496,0.9930555572112402,0.9895833333333334,0,0.9847394501169523,3.259628997276387e-09,0.8496624951561292,0.9999164814750353,2.75595623254776,0.9993010063966116,4.417322903662173e-11,24.8203125,0.01986221344365428,3552.5891688186675,15.958333333333334,1.0043402860562007,0.041666666666666664,0.008536577224731445,0.0024509803921568627
7133.972618289,1854,1789160042.5895877,f9uuxsrt,0,0,0,0,0,0.015625000388051074,8190.916666666667,4880.875,2702.2275034586587,2569.1002604166665,1237.875,1237.875,0.013888889302810034,0.3194444527228673,0,10.930555800596872,0.6831597375373045,1,1.0066314963623881,0.3833401727024466,0.9861111119389534,71,71,0.9861111111111112,3,0.040093980695625454,0.0492379835873388,0,-4.3332364548417007e-10,0.9998831326762835,0,0.6805555659035841,0.6666666766007742,0.9861111119389534,0.9861111119389534,1238.909166666667,122.69183333333332,35,0.04874369129538536,0.0022849843195823873,4.875073543275422e-06,0.0945,0.04166666666666643,213153383.0,-2.619344768861609e-09,0.9218597784638405,0.7690972251196703,0.9236111069718996,0.683159725740552,0.041666666589056454,0.683159725740552,0.9236111069718996,0.7690972251196703,0.4555865690732996,0.6350790982445081,0.8600983421007792,0.9270833333333334,0.9749679267406464,0.9781494115789732,0.9878472263614336,0.9826388880610466,0.0026041667442768812,0.9763074989120165,-4.333237009953213e-10,0.9983053194979826,0.9998831525444984,2.900729993979136,0.9996142759919167,8.256352795504269e-11,24.430989583333332,0.013796502258628607,4754.147217068821,16,1.0043402910232544,0.08333333333333333,0.014494267602761587,0.004901960784313725
13465.81741117,3710,1789166374.4344351,f9uuxsrt,0,0,0,0,0,0.01041666689949731,7608.541666666667,5558.25,2595.0990091959634,2501.8169911702475,1063.7083333333333,1063.7083333333333,0.0416666679084301,0.23611111814777055,0,10.000000278155008,0.625000017384688,1,1.0828311908990145,0.41522557598849136,0.9583333358168602,126,69,0.9583333333333334,3,0.04089710602662914,0.050644783118405624,0,-3.841705689677788e-09,0.9999000281095505,0,0.7361111206312975,0.7222222325702509,0.9583333358168602,0.9583333358168602,1244.9462500000002,110.72616666666666,36,0.05083925276994705,0.0021794804185143826,4.864543104251587e-06,0.075,0.04166666666666643,219626809.0,-2.399449191998563e-09,0.9271558076143265,0.6970486144224802,0.8802083333333334,0.6250000024835268,0.04687499992238978,0.6250000024835268,0.8802083333333334,0.6970486144224802,0.4056708539525668,0.5810335762798786,0.8589409465591112,0.9166666641831398,0.9712383126219114,0.984325721859932,0.988715281089147,0.9843750024835268,0.0034722223257025084,0.9803210943937302,-3.841705634166637e-09,0.9094480201601982,0.9999000231424967,2.8005389471848807,0.9995419159531593,4.807994514903206e-11,24.807291666666668,0.014323496453774473,4507.3757762070745,15.875,0.9947916741172472,0.041666666666666664,0.0008680555814256271,0.0026041666666666665
16891.722337655,4985,1789169800.339325,f9uuxsrt,0,0,0,0,0,0.012152778062348565,5978.958333333333,3827.375,2112.374196370443,2019.4541727701824,923.5416666666666,923.5416666666666,0.0416666679084301,0.1250000037252903,0.027777778605620067,9.111111382643381,0.5694444614152113,0.3333333333333333,1.225300555427869,0.4776056030144294,0.9583333358168602,180,72,1,3,0.04200468296039617,0.05205158264947245,0.027777778605620067,-2.871578030916311e-09,0.9999207233389219,0,0.8055555659035841,0.8333333420256773,0.9583333358168602,0.9444444477558136,1488.54875,84.02875,37,0.06305772066116333,0.00259869555293335,4.853598938650487e-06,0.0437,0.04166666666666643,224601208.0,-1.256307997447396e-09,0.9483737125992775,0.6692708283662796,0.9296875024835268,0.5694444452722868,0.08767361108524103,0.5694444452722868,0.9296875024835268,0.6692708283662796,0.3847903795540333,0.5284378950794538,0.8560474365949631,0.9548611144224802,0.9812801281611124,0.9861111119389534,0.9913194452722868,0.9869791666666666,0.0034722223257025084,0.9848942731817564,-2.87157784587914e-09,0.8401421184341112,0.9999207332730293,2.7282180537780127,0.9992729052901268,5.472768702926905e-11,25.200520833333332,0.01961121809047957,3407.3130845725536,15.833333333333334,0.9947916741172472,0,0.001700680237263441,0
20254.792385737,6260,1789173163.4093814,f9uuxsrt,0,0,0,0,0,0.008680555736646056,5642.416666666667,4157.791666666667,2013.3594309488933,1944.8267211914062,747.2916666666666,747.2916666666666,0.0416666679084301,0.23611111814777055,0.027777778605620067,10.708333750565847,0.6692708594103655,0.3333333333333333,1.0820493176579475,0.43347445999582607,0.9583333358168602,236,72,1,3,0.04335869607166387,0.05345838218053927,0.027777778605620067,-2.3283069338260926e-10,0.9999116137623787,0,0.6805555683871111,0.7222222325702509,0.930555559694767,0.930555559694767,1430.6945833333332,81.16075000000001,38,0.06906159222126007,0.0030110786569821357,4.842242961384211e-06,0.0566,0.04166666666666643,229376502.0,-3.053225168062982e-09,0.8996056814988455,0.7430555584530035,0.9522569452722868,0.6692708308498064,0.20225694573794803,0.6692708308498064,0.9522569452722868,0.7430555584530035,0.46273029036819935,0.6210748528440794,0.8511284465591112,0.9670138905445734,0.9855312009652456,0.985243059694767,0.9921875,0.9895833358168602,0.0017361111628512542,0.983999622364839,-2.3283061011588244e-10,0.9786345300575098,0.9999116212129593,2.819461534420649,0.9992658669749895,6.76177553438478e-11,24.427083333333332,0.021586435691763956,3345.10326910764,15.875,1.0008680671453476,0,0.005598151280234258,0
25190.322507946,7535,1789178098.9395494,f9uuxsrt,0,0,0,0,0,0.013020833643774191,8211.291666666666,5692.333333333333,2762.8646697998047,2645.247629801432,1120.8333333333333,1120.8333333333333,0.0833333358168602,0.19444445023934046,0.0416666679084301,9.777778089046478,0.6111111305654049,0.4,1.081028473873933,0.4014484000702699,0.9166666703919569,265,68,0.9444444444444444,3,0.03946663515913921,0.0548651817116061,0.0416666679084301,2.499544358528875e-09,0.999912217259407,0,0.7361111218730608,0.7222222325702509,0.9166666703919569,0.8888888930281004,1176.5625000000002,125.85533333333335,39,0.04785576090216637,0.0022932671079918996,4.830477159419967e-06,0.0944,0.04166666666666643,236051946.0,7.395307179136612e-10,0.9018892496824265,0.6901041641831398,0.9288194452722868,0.6111111069718996,0.0303819445737948,0.6111111069718996,0.9288194452722868,0.6901041641831398,0.40348807722330093,0.5641972528149685,0.8492476592461268,0.9071180547277132,0.9674429049094518,0.9774305646618208,0.9878472288449606,0.9817708432674408,0.0017361111628512542,0.9740104104081789,2.49954413648427e-09,0.8925446433325609,0.9999122222264608,2.8653876384099326,0.9996452877918879,4.4339131348045e-11,24.924479166666668,0.014545368127680073,4914.07843484357,16.041666666666668,1.0121527910232544,0.16666666666666666,0.020924985874444246,0.009183114035087718
29606.814783563,8810,1789182515.431801,f9uuxsrt,0,0,0,0,0,0.01041666689949731,7788.625,5054.75,2510.422821044922,2419.0414683024087,1214.625,1214.625,0.0833333358168602,0.1666666716337204,0,8.861111362775167,0.553819460173448,1,1.1243890176216762,0.44344794005155563,0.9166666716337204,293,70,0.9722222222222222,3,0.040223676553675126,0.05627198124267292,0,-5.691415940386098e-09,0.9999152148763338,0,0.8194444527228674,0.7500000111758709,0.8888888955116272,0.9027777835726738,1244.5995833333332,108.88629166666668,40,0.053802620619535446,0.002550416557217735,4.818303591432414e-06,0.0898,0.04166666666666643,242374113.0,-3.686485343841935e-09,0.9234035983681679,0.6649305534859499,0.9279513905445734,0.5538194434096416,0.062499999767169356,0.5538194434096416,0.9279513905445734,0.6649305534859499,0.3617961018656691,0.5127487039814392,0.8524305373430252,0.9123263855775198,0.9745115588108698,0.9806857680281004,0.9921875074505806,0.9878472263614336,0.0026041667442768812,0.9779649699727694,-5.691415718341493e-09,0.8180487553278605,0.9999152024586996,2.889098713795344,0.9995619903008143,2.8693605961821832e-11,25.658170700073242,0.01538829057244584,4395.6141968313605,15.958333333333334,0.993923619389534,0,0.0017183957000573475,0
35977.357911683,10666,1789188885.9749484,f9uuxsrt,0,0,0,0,0,0.014756944806625446,7987.708333333333,5438.5,2721.955805460612,2606.5969746907554,1217.4583333333333,1217.4583333333333,0.027777778605620067,0.2916666728754838,0.013888889302810034,10.166666905085245,0.6354166815678278,0.5,1.0162196950986981,0.37543236805746955,0.9722222238779068,310,70,0.9722222222222222,3,0.0386641743874255,0.057678780773739745,0.013888889302810034,-1.3581787083882801e-09,0.9998809248209,0,0.6805555646618208,0.6805555634200573,0.9583333358168602,0.930555559694767,1246.3258333333333,122.24787500000001,41,0.0472661517560482,0.0027170675345284203,4.8057243874434625e-06,0.0593,0.04166666666666643,248950318.0,-3.1320026734153275e-09,0.9213676402966181,0.70746527860562,0.9322916666666666,0.6354166679084301,0.04340277790712813,0.6354166679084301,0.9322916666666666,0.70746527860562,0.4177501729379098,0.5861502066254616,0.8486689453323683,0.9244791641831398,0.9736515035231909,0.98090277860562,0.9878472238779068,0.9835069452722868,0.0017361111628512542,0.9776093562444051,-1.3581788749217338e-09,0.9251405373215675,0.9998809099197388,2.9379732509454093,0.9996721222996712,2.4890331267946068e-11,25.722076733907063,0.014260760877126208,4780.185361357406,16.625,1.0138889054457347,0.5416666666666666,0.018385556371261675,0.019345238095238096
39126.59362347,11941,1789192035.2106888,f9uuxsrt,0,0,0,0,0,0.006944444651405017,5288.666666666667,3654,1850.4097646077473,1789.8822021484375,761.625,761.625,0.027777778605620067,0.11111111442248027,0.013888889302810034,9.05555577079455,0.5659722356746594,0.5,1.2662259340286255,0.5128512941300869,0.9722222238779068,357,72,1,3,0.04370722248859238,0.05908558030480657,0.013888889302810034,-6.3122975735296905e-09,0.9999224046866099,0,0.8194444552063942,0.861111119389534,0.9722222238779068,0.9583333358168602,1482.2462500000001,72.92579166666667,42,0.06527483463287354,0.004213036277178617,4.7927417484495756e-06,0.0228,0.04166666666666643,253780518.0,-4.442669692776106e-09,0.9633500079313914,0.663194444651405,0.9670138930281004,0.5659722251196703,0.10243055674557884,0.5659722251196703,0.9670138930281004,0.663194444651405,0.35488285931448144,0.523331788678964,0.8538772811492285,0.942708338300387,0.9842592601974806,0.9900173619389534,0.9947916691501936,0.9930555572112402,0.0008680555814256271,0.9867998684446017,-6.3122974254999536e-09,0.828914001584053,0.9999224046866099,2.7698166370391846,0.999192900955677,1.9366642293818606e-11,25.77343765894572,0.022584537626244128,3131.929541710764,16,0.997395838300387,0.041666666666666664,0.0017183957000573475,0.0026041666666666665
42253.81303387,13216,1789195162.4300792,f9uuxsrt,0,0,0,0,0,0.006076389069979389,5557.416666666667,3611.2916666666665,1830.8360137939453,1776.9215443929036,741.75,741.75,0.0416666679084301,0.2638888955116272,0.013888889302810034,9.750000218550364,0.6093750136593977,0.6666666666666666,1.0366485284951825,0.41631075864036876,0.9583333358168602,402,72,1,3,0.042097613336712435,0.06049237983587339,0.013888889302810034,-1.99199554999178e-09,0.9998914549748102,0,0.6527777897814909,0.6944444527228674,0.9444444465140501,0.930555559694767,1489.9425,74.22941666666668,43,0.07303908467292786,0.0042075875047279014,4.779357946036662e-06,0.0353,0.04166666666666643,258260313.0,-2.3259199566361133e-09,0.9093006377418836,0.7126736094554266,0.964409718910853,0.6093750037252903,0.23437500085371235,0.6093750037252903,0.964409718910853,0.7126736094554266,0.4202066482976079,0.5639844369143248,0.8504050696889559,0.9652777835726738,0.9902145142356554,0.9930148695906004,0.9956597263614336,0.9956597263614336,0,0.9922086497147878,-1.99199554999178e-09,0.8997839738925298,0.9998914524912834,2.712296416362127,0.9991874496142069,5.850491237212174e-11,24.354166666666668,0.022476954851299524,3109.5156505238265,15.916666666666666,1.0104166716337204,0,0.0008503401186317205,0
46812.609957754,14491,1789199721.226994,f9uuxsrt,0,0,0,0,0,0.011284722558533153,7227.375,5349.166666666667,2686.630284627279,2601.025421142578,1129.7916666666667,1129.7916666666667,0.027777778605620067,0.2638888967533906,0.013888889302810034,10.333333571751913,0.6458333482344946,0.5,1.0514751424392064,0.4204833582043648,0.9722222238779068,424,71,0.9861111111111112,3,0.039303567585496545,0.06189917936694021,0.013888889302810034,-2.354176522704569e-09,0.9999133994181951,0,0.6805555696288744,0.7083333457509676,0.9722222238779068,0.9583333358168602,1284.6891666666668,112.43520833333334,44,0.04807937517762184,0.003376895614868166,4.765575321982612e-06,0.0654,0.04166666666666643,264746815.0,-1.9206297270183783e-09,0.9017709791660309,0.6996527723968029,0.9522569427887598,0.6458333358168602,0.05295138883714875,0.6458333358168602,0.9522569427887598,0.6996527723968029,0.4362832847982645,0.5970838293433189,0.8541666443149248,0.9270833283662796,0.9850892350077629,0.9927496686577797,0.993055559694767,0.993055559694767,0,0.9900958662231764,-2.3541765967194372e-09,0.9378573857247829,0.9999133994181951,2.7923294405142465,0.9995374629894892,2.839391880930201e-11,25.513997554779053,0.014777287879648307,4536.409066397697,15.791666666666666,0.9965277860562006,0,0.0016666666294137638,0
51752.492147477,15766,1789204661.1091645,f9uuxsrt,0,0,0,0,0,0.015625000310440857,8104.916666666667,5950.125,2858.6493784586587,2736.0015004475913,1160.375,1160.375,0.06944444651405017,0.2777777848144372,0.013888889302810034,10.791666944821676,0.6744791840513548,0.8,0.987066289720436,0.3613996310935666,0.930555559694767,435,67,0.9305555555555556,3,0.04094122986134607,0.06330597889800703,0.013888889302810034,1.6427495197479658e-09,0.9998938317100207,0,0.6666666778425375,0.6527777897814909,0.930555559694767,0.9166666716337204,1241.5537500000003,125.25566666666667,45,0.045674048364162445,0.0034449762836932982,4.751396287847555e-06,0.0888,0.04166666666666643,271633819.0,-1.2467542738943868e-10,0.8964756031831106,0.7552083333333334,0.9322916641831398,0.6744791679084301,0.07031249953433871,0.6744791679084301,0.9322916641831398,0.7552083333333334,0.45835218019783497,0.6234150441984335,0.850694420437018,0.9062499975164732,0.9738424097498258,0.9800347288449606,0.989583338300387,0.9843750074505806,0.0008680555814256271,0.9773658240834872,1.6427496215184096e-09,0.9861224542061487,0.999893826742967,2.8542011777559915,0.9995816871523857,8.803434757546376e-11,24.28125,0.01301648475540181,4917.635481912643,15.916666666666666,1.0052083482344945,0.041666666666666664,0.009751703357324004,0.0024509803921568627
57558.771564287,17622,1789210467.3886192,f9uuxsrt,0,0,0,0,0,0.013020833643774191,7165.833333333333,4544.958333333333,2362.9844512939453,2257.6348978678384,930.5,930.5,0.0416666679084301,0.13888889302810034,0.027777778605620067,9.263889094193777,0.5789930683871111,0.3333333333333333,1.1951583847403526,0.4454806645711263,0.9583333358168602,465,72,1,3,0.03993501654137314,0.06471277842907386,0.027777778605620067,1.7842544108859215e-10,0.9999171122908592,0,0.763888897995154,0.8194444514811039,0.9583333358168602,0.9583333358168602,1310.9333333333334,106.36229166666665,46,0.06159010902047157,0.004228338176289981,4.736823324551909e-06,0.0856,0.04166666666666643,277471753.0,-5.91209086316565e-10,0.9425816138585409,0.7100694415469965,0.9522569502393404,0.5789930609365305,0.09635416674427688,0.5789930609365305,0.9522569502393404,0.7100694415469965,0.3783297097931306,0.5367595180869102,0.8556134055058161,0.93402777860562,0.9817678605516752,0.9843750049670538,0.989583338300387,0.9878472263614336,0.0026041667442768812,0.9817233756184578,1.7842551510346047e-10,0.8590143447120985,0.9999171048402786,2.7491545975208282,0.9994371856252352,4.774410614717716e-11,24.756606896718342,0.016178015367283177,4200.678572051227,16,1.0060764029622078,0.2916666666666667,0.014181666541844606,0.015318627450980393
61900.617749323,18897,1789214809.2348099,f9uuxsrt,0,0,0,0,0,0.013888889225199819,7543.458333333333,5075.166666666667,2365.9271545410156,2248.3517862955728,941.8333333333334,941.8333333333334,0.013888889302810034,0.2083333395421505,0,9.875000268220901,0.6171875167638063,1,1.1403065870205562,0.4474344706783692,0.9861111119389534,483,72,1,3,0.04083733711255869,0.06611957796014067,0,-3.03973327990074e-10,0.9999180858333906,0,0.7083333457509676,0.7777777897814909,0.9861111119389534,0.9722222238779068,1243.2920833333335,107.19591666666666,47,0.050256408751010895,0.004425830812882244,4.721858981942284e-06,0.0772,0.04166666666666643,283292469.0,-2.955655830037355e-09,0.9319838856657346,0.69097222139438,0.9565972263614336,0.6171875,0.0720486119389534,0.6171875,0.9565972263614336,0.69097222139438,0.4133121060828368,0.5742668223877748,0.8574941828846931,0.9470486144224802,0.9836286629239718,0.9878200987974802,0.9895833358168602,0.988715281089147,0,0.9870394965012869,-3.03973327990074e-10,0.9013063075641791,0.999918095767498,2.8296928803126016,0.999463771780332,1.0009530104839061e-10,24.260307153065998,0.015871534900118906,4322.461613878608,16.416666666666668,1.0086805671453476,0.625,0.01075268785158793,0.021551724137931036
65704.813269569,20172,1789218613.4302983,f9uuxsrt,0,0,0,0,0,0.009548611318071684,6598,4399.666666666667,2241.241381327311,2165.833928426107,929.75,929.75,0.0416666679084301,0.2500000074505806,0.013888889302810034,10.402778089046478,0.6501736305654049,0.6666666666666666,1.0533879821499188,0.40045884748299915,0.9583333358168602,511,71,0.9861111111111112,3,0.042285110052034725,0.0675263774912075,0.013888889302810034,-8.381903375080194e-09,0.9999091376860937,0,0.6805555659035841,0.7083333432674408,0.9444444477558136,0.9583333358168602,1390.0900000000001,92.53787500000003,48,0.23726776242256165,0.005899595981342524,4.706505878345343e-06,0.0361,0.04166666666666643,288864011.0,-5.03997180101301e-09,0.9014709641536077,0.7638888830939928,0.94965277860562,0.6501736106971899,0.09375000062088172,0.6501736106971899,0.94965277860562,0.7638888830939928,0.4227843365321557,0.6035011224448681,0.8560474241773287,0.9435763880610466,0.9838491951425871,0.9835069477558136,0.9930555572112402,0.9895833358168602,0.0008680555814256271,0.9798977623383204,-8.381903190043024e-09,0.9558777535955111,0.9999091401696205,2.8451087176799774,0.9994340240955353,1.494509708012176e-10,23.772660811742146,0.017142918795191992,3785.1764080990106,15.916666666666666,1.0000000099341075,0,0.0055673213209956884,0
67478.957978871,21447,1789220387.5749996,f9uuxsrt,0,0,0,0,0,0.0017361111628512542,3077.6666666666665,2457.375,1142.8403040568035,1126.1117986043294,489.625,489.625,0,0.18055556093653044,0,9.944444835186005,0.6215278021991253,,1.1954443206389744,0.481489264095823,1,580,72,1,3,0.044422825065945894,0.06893317702227432,0,-2.5287994568727137e-09,0.9999165634314219,0,0.6805555696288744,0.8194444527228674,0.9583333358168602,0.9583333358168602,1768.3337499999996,37.873999999999995,49,0.0836920440196991,0.006661650795346456,4.690766700109659e-06,0.0031,0.04166666666666643,291707619.0,-1.481061522266384e-09,0.9438049371043841,0.7300347176690897,0.9878472288449606,0.6215277748803297,0.27170139108784497,0.6215277748803297,0.9878472288449606,0.7300347176690897,0.42783620084325474,0.5766782462596893,0.850260409216086,0.9921875024835268,0.9960083588957787,0.9938973064223925,0.99652777860562,0.99652777860562,0,0.9938057536880175,-2.528799577146875e-09,0.918437622487545,0.9999165534973145,2.6426232357819877,0.9988185043136278,1.1200986226858264e-10,23.692708333333332,0.027196989782775443,1760.2918643485755,16.041666666666668,0.9982638930281004,0.041666666666666664,0.0017368649132549763,0.0024509803921568627
72276.312480446,22722,1789225184.9295325,f9uuxsrt,0,0,0,0,0,0.013888889225199819,8208.875,5230.375,2690.8082326253257,2586.97146097819,1101.9583333333333,1101.9583333333333,0.013888889302810034,0.3472222313284874,0,11.194444715976715,0.6996527947485447,1,0.9564253309120735,0.3494213263038546,0.9861111119389534,584,69,0.9583333333333334,3,0.038962457658878215,0.07033997655334115,0,-9.054525185181461e-10,0.999893436829249,0,0.6111111255983511,0.6388889042039713,0.9722222238779068,0.9583333358168602,1204.659583333333,122.32395833333334,50,0.04940270632505417,0.0041975347257903195,4.674644201135694e-06,0.0965,0.04166666666666643,298359110.0,-2.1989561028538476e-09,0.8935842091838518,0.7855902773638567,0.949652781089147,0.6996527798473835,0.07899305496054392,0.6996527798473835,0.949652781089147,0.7855902773638567,0.46430350467562675,0.6509054824709892,0.8628471891085306,0.9453124950329462,0.980480894446373,0.986970491707325,0.9921875074505806,0.9869791741172472,0.0034722223257025084,0.9855440234144529,-9.05452500014429e-10,1.0214563111464183,0.999893436829249,2.896166036526362,0.9995940625667572,7.186181419663956e-11,24.395833333333332,0.013812105404213071,4776.453472269699,15.916666666666666,1.0086805696288745,0.08333333333333333,0.0074548309203237295,0.00505514705882353
78112.776117232,24578,1789231021.3931696,f9uuxsrt,0,0,0,0,0,0.014756944729015231,7000.958333333333,4860.125,2639.7969563802085,2535.2275390625,1062.2083333333333,1062.2083333333333,0,0.2638888967533906,0,10.388889203468958,0.6493055752168099,,1.0906654844681423,0.4131318833678961,1,596,71,0.9861111111111112,3,0.03860134100250434,0.07174677608440796,0,2.2183586356749885e-09,0.9999133745829264,0,0.6944444552063942,0.7361111206312975,1,1,1362.73125,110.21879166666668,51,0.0487372912466526,0.004118070634225053,4.658141202393935e-06,0.0461,0.04166666666666643,304657004.0,2.4059166244908927e-09,0.9144385332862536,0.716145840783914,0.9314236169060072,0.6493055578321218,0.041666666666666664,0.6493055578321218,0.9314236169060072,0.716145840783914,0.4382379023979108,0.6057030080507199,0.8627025187015533,0.9157986119389534,0.9749922504027685,0.9779486755530039,0.98871527860562,0.9843750024835268,0.0017361111628512542,0.9762032056848208,2.21835856166012e-09,0.9462747561434904,0.9999133621652921,2.844047784805298,0.9995666742324829,7.434147971336601e-11,24.036474386850994,0.014430877558576563,4336.452264852822,15.958333333333334,0.9991319552063942,0.125,0.004378773194427292,0.007659313725490197
81777.133526441,25853,1789234685.7505367,f9uuxsrt,0,0,0,0,0,0.011284722325702509,5983.375,4259.75,2233.2778523763022,2147.7575073242188,998.0833333333334,998.0833333333334,0.06944444651405017,0.23611111690600714,0,9.902778059244156,0.6189236287027597,1,1.050770215690136,0.4137242982784907,0.930555559694767,628,72,1,3,0.03819194434618112,0.0731535756154748,0,-3.893445982283694e-09,0.999884620308876,0,0.7361111206312975,0.6944444527228674,0.930555559694767,0.930555559694767,1412.2916666666667,87.10762499999998,52,0.056002918630838394,0.004357142174740147,4.641260591431315e-06,0.0363,0.04166666666666643,310360108.0,-3.828770721766202e-09,0.9311499670147896,0.6953124987582365,0.9157986144224802,0.6189236113180717,0.09635416689949731,0.6189236113180717,0.9157986144224802,0.6953124987582365,0.4274822815010945,0.5800849559406439,0.8716724216938019,0.954861119389534,0.9862633248170217,0.986952044069767,0.9930555572112402,0.9904513930281004,0.0008680555814256271,0.9863812898596128,-3.893445621461211e-09,0.9072524470587572,0.9998846302429835,2.781088521083196,0.9994926278789839,5.2639338245996765e-11,24.346354166666668,0.015644282432428252,3645.6694565508515,15.916666666666666,0.9965277835726738,0,0,0
86268.713646811,27128,1789239177.3306806,f9uuxsrt,0,0,0,0,0,0.013888889225199819,6998.291666666667,5080.75,2754.618123372396,2656.649424235026,1440.125,1440.125,0.027777778605620067,0.2500000062088172,0.013888889302810034,10.152778049310049,0.6345486280818781,0.5,1.0747760742281873,0.4143696972168982,0.9722222238779068,629,67,0.9305555555555556,3,0.03886750736758889,0.07456037514654162,0.013888889302810034,-6.984919564042199e-10,0.9998991216222445,0,0.7083333445092043,0.7222222338120142,0.9583333358168602,0.9722222238779068,1328.5916666666667,116.13358333333333,53,0.14623235166072845,0.004574140357666086,4.624005321865968e-06,0.0446,0.04166666666666643,316836324.0,5.217703213933333e-10,0.9257590994238853,0.7161458308498064,0.9140624975164732,0.6345486094554266,0.06336805589186649,0.6345486094554266,0.9140624975164732,0.7161458308498064,0.4253405823061864,0.596252454444766,0.8828124701976776,0.926215281089147,0.9823082859317461,0.9882812549670538,0.9913194502393404,0.9887152835726738,0.0017361111628512542,0.9864004279176394,-6.984919193967857e-10,0.9284658096730709,0.9998991191387177,2.839301427205404,0.9995811656117439,6.932622289349328e-11,24.53466860453288,0.01440372692498689,4470.756896715611,16.083333333333332,1.0043402935067813,0.20833333333333334,0.006653036301334699,0.011222910216718266
91163.454507425,28403,1789244072.0715718,f9uuxsrt,0,0,0,0,0,0.013020833566163978,7908.583333333333,5618.333333333333,2655.4202016194663,2547.1646270751953,995.625,995.625,0.0416666679084301,0.2500000062088172,0,9.91666692495346,0.6197916828095913,1,1.0686735082417727,0.43728235534702736,0.9583333358168602,656,71,0.9861111111111112,3,0.03819375131327737,0.07596717467760844,0,-2.192488491685e-09,0.9998972540100416,0,0.7083333469927311,0.7083333445092043,0.9583333358168602,0.9583333358168602,1156.2741666666668,127.04700000000001,54,0.05492134764790535,0.004518456537274081,4.606378412870437e-06,0.0201,0.04166666666666643,323156536.0,-1.7009573749504625e-09,0.921600691974163,0.7144097238779068,0.8854166641831398,0.6197916654249033,0.061631944263353944,0.6197916654249033,0.8854166641831398,0.7144097238779068,0.3877004260818164,0.5815627264479796,0.8815103893478712,0.9357638930281004,0.9767754450440407,0.9877025534709295,0.9921875049670538,0.9904513930281004,0.0008680555814256271,0.98509764422973,-2.1924886027073023e-09,0.905012326935927,0.9998972515265147,2.8232687215010324,0.9995058725277582,3.747568851379321e-11,24.48691527048747,0.014743020564007262,4874.547157004476,15.958333333333334,1.0078125099341075,0.08333333333333333,0.01116473088040948,0.00505514705882353
95890.507301811,29678,1789248799.1242938,f9uuxsrt,0,0,0,0,0,0.017361111473292112,8166.375,5064.458333333333,2576.0859883626304,2427.565027872721,1000.375,1000.375,0.06944444651405017,0.2222222276031971,0,9.944444765647253,0.6215277978529533,1,1.0694819744676352,0.4183354725440343,0.9305555584530035,665,70,0.9722222222222222,3,0.036889260562020354,0.07737397420867527,0,-4.462587429217753e-09,0.9998870193958282,0,0.7638888967533907,0.7083333432674408,0.9305555584530035,0.9305555584530035,1216.4,119.32574999999999,55,0.05166776850819588,0.0043377548148176475,4.588382948643406e-06,0.0973,0.04166666666666643,329437483.0,-4.579002797303981e-09,0.9385275070865949,0.7022569415469965,0.902777781089147,0.6215277779847383,0.05034722170482079,0.6215277779847383,0.902777781089147,0.7022569415469965,0.42150502900282544,0.5866316482424736,0.8813656941056252,0.9375000024835268,0.9766847789287567,0.98078070829312,0.9861111144224802,0.9835069452722868,0.0008680555814256271,0.9776701877514521,-4.462587336699168e-09,0.9107246063649654,0.9998870069781939,2.8917140861352286,0.9995315298438072,1.8531956384747418e-11,25.416666666666668,0.015093926495561997,4706.720050694421,16.291666666666668,1.0043402885397275,0,0.0025687358186890683,0
102599.532682435,31534,1789255508.1497066,f9uuxsrt,0,0,0,0,0,0.0164930559694767,8093.208333333333,5656.541666666667,2914.1406860351562,2802.4642639160156,1225,1225,0.055555557211240135,0.2500000062088172,0.027777778605620067,9.527778069178263,0.5954861293236414,0.5,1.029829265549779,0.3845014177883665,0.9444444465140501,665,69,0.9583333333333334,3,0.03579419577727094,0.07878077373974209,0.027777778605620067,-1.8755801634018354e-09,0.9998778079946836,0,0.6805555659035841,0.6944444539646307,0.9305555584530035,0.9305555584530035,1209.7454166666669,127.42608333333332,56,0.04277659207582474,0.004185189941381395,4.570022077870051e-06,0.0403,0.04166666666666643,336321005.0,-3.387524867097073e-10,0.9213229690988859,0.69097222139438,0.8559027761220932,0.5954861082136631,0.0555555559694767,0.5954861082136631,0.8559027761220932,0.69097222139438,0.41199385778357583,0.5620195188870033,0.8861400087674459,0.938368059694767,0.9798378323515257,0.9826388880610466,0.9939236144224802,0.9869791666666666,0.0034722223257025084,0.9813870266079903,-1.875580274424138e-09,0.878728911280632,0.999877800544103,2.89753058552742,0.9996287897229195,1.879914000244777e-11,25.938151200612385,0.012843862331161896,5014.211548008025,16.5,1.0095486268401146,0.16666666666666666,0.00399671052582562,0.008388480392156863
106600.342305183,32809,1789259508.9593465,f9uuxsrt,0,0,0,0,0,0.015625000388051074,7215,4073.9166666666665,1958.845558166504,1846.0271911621094,741.5833333333334,741.5833333333334,0.0416666679084301,0.15277778108914694,0.027777778605620067,10.291666905085245,0.6432291815678278,0.3333333333333333,1.1845525354146957,0.45786602624381584,0.9583333358168602,711,72,1,3,0.03909943374552919,0.08018757327080892,0.027777778605620067,-4.0524442320351755e-09,0.9999028518795967,0,0.7361111218730608,0.8055555621782938,0.9583333358168602,0.9583333358168602,1137.4320833333334,99.17258333333332,57,0.06229783594608307,0.006055934016937196,4.551299013171111e-06,0.0317,0.04166666666666643,341045083.0,-3.7579112298809685e-09,0.9539114932219187,0.7291666679084301,0.8862847263614336,0.6432291703919569,0.1475694434096416,0.6432291703919569,0.8862847263614336,0.7291666679084301,0.42099640642603237,0.6101118102669716,0.8885994926095009,0.9748263930281004,0.9892850245038668,0.9913194477558136,0.9956597263614336,0.9913194477558136,0.0008680555814256271,0.9906372080246607,-4.052443908220127e-09,0.9402256980538368,0.9999028369784355,2.812716543674469,0.9991982926925024,3.1610008658757004e-11,25.453125,0.020633626903872937,3984.2093276456,16,1.0399305721124013,0.041666666666666664,0.006722246219093601,0.0024509803921568627
108280.132319563,34084,1789261188.7493641,f9uuxsrt,0,0,0,0,0,0,2775.5,2775.5,1141.5937805175781,1141.5937805175781,405.75,405.75,0.013888889302810034,0.06944444651405017,0.013888889302810034,9.66666692495346,0.6041666828095913,0,1.3353430852293968,0.5100246456762155,0.9861111119389534,783,72,1,3,0.04418253630380301,0.08159437280187573,0.013888889302810034,-5.691415440785738e-10,0.9999217912554741,0,0.7916666741172472,0.9166666703919569,0.9722222238779068,0.9861111119389534,1717.3545833333337,34.58774999999999,58,0.0896323174238205,0.00798579731629919,4.532217030540781e-06,0.0082,0.04166666666666643,343730551.0,-2.278984302199009e-09,0.9826385950048765,0.7248263855775198,0.942708340783914,0.6041666654249033,0.3402777773638566,0.6041666654249033,0.942708340783914,0.7248263855775198,0.4352611309538285,0.5670792783300082,0.8718171020348867,0.9739583358168602,0.9883734931548437,0.9947916691501936,0.9991319452722868,0.9947916691501936,0,0.9839409738779068,-5.691415810860079e-10,0.9007794633507729,0.9999217912554741,2.6482793937126794,0.9988262554009756,6.86363057414323e-11,24.927083333333332,0.028488453244790435,1666.6676474437118,16.125,1.0026041716337204,0.125,0.0025510203558951616,0.007352941176470587
113147.219701432,35359,1789266055.836747,f9uuxsrt,0,0,0,0,0,0.0156250005432715,7802.458333333333,5713.916666666667,2843.0669174194336,2751.286750793457,1259.0416666666667,1259.0416666666667,0.027777778605620067,0.3194444539646308,0.013888889302810034,10.875000437100729,0.6796875273187956,0.5,0.9784305443366369,0.3933560562630494,0.9722222238779068,789,71,0.9861111111111112,3,0.036094316349287205,0.08300117233294256,0.013888889302810034,4.009861817588778e-10,0.9999071011940638,0,0.6250000124176344,0.6527777885397276,0.9722222238779068,0.9722222238779068,1256.4962499999997,124.6305,59,0.07034901529550552,0.004967599502985347,4.512779468773493e-06,0.0355,0.04166666666666643,350223876.0,-1.0739639270488748e-09,0.8773516863584518,0.7274305522441864,0.8862847238779068,0.6796874962747097,0.0729166679084301,0.6796874962747097,0.8862847238779068,0.7274305522441864,0.46519334490100545,0.6408268995583057,0.8874420896172523,0.9409722263614336,0.9809454629818598,0.988664040962855,0.993055559694767,0.9895833358168602,0.0034722223257025084,0.9863111625115076,4.009861354995851e-10,0.9866251448790232,0.9999070887764295,2.8908898631731668,0.9994618023435274,1.012179729282037e-11,26.937208255132038,0.014846338192000985,4845.015342511237,16.166666666666668,1.0208333532015483,0,0.003326311552276214,0
117906.225611609,36634,1789270814.8426151,f9uuxsrt,0,0,0,0,0,0.013020833721384406,7812.333333333333,5571.958333333333,2809.3429514567056,2725.880111694336,1148.125,1148.125,0.055555557211240135,0.2500000074505806,0.013888889302810034,10.277778069178263,0.6423611293236414,0.8333333333333334,1.0437361483151715,0.39913429288814467,0.9444444465140501,789,67,0.9305555555555556,3,0.0350817363820776,0.08440797186400938,0.013888889302810034,-2.910383878340639e-10,0.9998959923783938,0,0.7222222338120142,0.6944444564481577,0.9166666703919569,0.9444444465140501,1250.6920833333334,119.54445833333334,60,0.04502785578370094,0.004296992875424621,4.4929897288797394e-06,0.0566,0.04166666666666643,356895775.0,5.066880294964567e-10,0.9075569063425064,0.7187500012417635,0.8715277761220932,0.6423611144224802,0.07899305480532348,0.6423611144224802,0.8715277761220932,0.7187500012417635,0.43829977698624134,0.6063640347371498,0.8927950958410898,0.9322916666666666,0.9769148627916971,0.98871527860562,0.9930555621782938,0.9895833333333334,0.0026041667442768812,0.9861675674716631,-2.91038184293176e-10,0.9400267787277699,0.9998959824442863,2.8218350410461426,0.9996262987454733,1.3087848020873887e-11,25.640625,0.014018979331012815,4737.448902644217,15.833333333333334,0.9982638955116272,0,0.001700680237263441,0
123425.471581081,38490,1789276334.0886333,f9uuxsrt,0,0,0,0,0,0.01041666689949731,6475.875,4386.666666666667,2269.9349950154624,2196.7084426879883,974.25,974.25,0.013888889302810034,0.2638888955116272,0,10.305555880069733,0.6440972425043583,1,1.0765684222181637,0.4312563942124446,0.9861111119389534,813,71,0.9861111111111112,3,0.03874163610453252,0.0858147713950762,0,2.043735794025429e-09,0.9998994891842207,0,0.6944444527228674,0.7222222313284874,0.9861111119389534,0.9861111119389534,1379.6591666666664,93.48595833333331,61,0.059288088232278824,0.005318602135654753,4.472851273490985e-06,0.0617,0.04166666666666643,362528644.0,-1.012166586655816e-09,0.9245707914233208,0.7057291641831398,0.8836805572112402,0.6440972182899714,0.09895833356616397,0.6440972182899714,0.8836805572112402,0.7057291641831398,0.44042564493914443,0.6076669978598753,0.88975690305233,0.9375000024835268,0.984575259188811,0.9893136148651441,0.9930555621782938,0.9913194502393404,0.0008680555814256271,0.9882371897498766,2.043735590484541e-09,0.9389980075260004,0.9998994916677475,2.796688988804817,0.9994148711363474,1.572955029618143e-11,26.149739583333332,0.01733814583470424,3827.5467383805662,15.958333333333334,1.010416679084301,0.08333333333333333,0.001700680237263441,0.004901960784313725
128505.967790954,39765,1789281414.5848489,f9uuxsrt,0,0,0,0,0,0.0173611113956819,8599.666666666666,5817.166666666667,2821.3724772135415,2691.708625793457,1237.8333333333333,1237.8333333333333,0.055555557211240135,0.3055555646618207,0.027777778605620067,10.833333651224772,0.6770833532015482,0.5,0.9619893804192543,0.35785893878589076,0.9444444477558136,813,70,0.9722222222222222,3,0.036563043557786536,0.08722157092614302,0.027777778605620067,-2.0696052741945673e-10,0.9998941272497177,0,0.6527777885397276,0.638888900478681,0.930555559694767,0.9444444477558136,1143.5662499999999,129.2158333333333,62,0.6278124451637268,0.007175348245558173,4.452367626253805e-06,0.0416,0.04166666666666643,369138529.0,8.354521218352969e-10,0.88559673478206,0.7387152773638567,0.8984375024835268,0.6770833358168602,0.06250000023283064,0.6770833358168602,0.8984375024835268,0.7387152773638567,0.4506461036701997,0.6392611091335615,0.8838252027829488,0.9505208358168602,0.9803864335020384,0.9833713173866272,0.9904513955116272,0.9843750074505806,0.0026041667442768812,0.9826206987102827,-2.0696067544919336e-10,0.9838544242084026,0.9998941272497177,2.950792451699575,0.9996440882484118,1.3183738111012161e-11,26.190104166666668,0.014436998637393117,5058.910937691107,15.958333333333334,0.9991319626569748,0.041666666666666664,0.0033850623294711113,0.0026041666666666665
132814.219420933,41040,1789285722.836436,f9uuxsrt,0,0,0,0,0,0.01041666689949731,6890.625,5602.083333333333,2611.188433329264,2547.7372817993164,1084.8333333333333,1084.8333333333333,0.09722222511967023,0.2777777860562007,0.055555557211240135,9.94444473584493,0.6215277959903082,0.4166666666666667,0.9399336862067381,0.3855743749688069,0.9027777823309103,813,71,0.9861111111111112,3,0.03746067634104596,0.08862837045720985,0.055555557211240135,-2.1536835850590372e-09,0.9999078810214996,0,0.638888900478681,0.6250000136593977,0.9027777823309103,0.9027777823309103,1339.2920833333335,103.11754166666668,63,0.05456681177020073,0.0047639099930165685,4.4315423712133595e-06,0.0449,0.04166666666666643,375542730.0,-2.727247796809514e-09,0.8568775927027067,0.6927083271245161,0.927083338300387,0.621527774259448,0.04513888844909767,0.621527774259448,0.927083338300387,0.6927083271245161,0.4479573629796505,0.5866974337647358,0.896267332136631,0.946180559694767,0.9828577737013499,0.9878336638212204,0.9930555572112402,0.9913194477558136,0.0008680555814256271,0.9867431620756785,-2.15368356655532e-09,0.9136312032739321,0.9999078686038653,2.8694340586662292,0.9995318055152893,1.1019707191497771e-11,26.1328125,0.015163413268358758,4287.371128896251,16,1.009548616906007,0.041666666666666664,0.011113957424337665,0.0026041666666666665
137123.492285646,42315,1789290032.109315,f9uuxsrt,0,0,0,0,0,0.013888889147589603,6968.375,5356.291666666667,2495.5174407958984,2407.5140177408853,952,952,0.027777778605620067,0.3194444527228673,0.013888889302810034,11.111111303170523,0.6944444564481577,0.5,0.974243021880587,0.38301134784705937,0.9722222238779068,813,70,0.9722222222222222,3,0.03926094650766269,0.09003516998827667,0.013888889302810034,-5.007914407236432e-10,0.9998945966362953,0,0.6250000149011612,0.6527777897814909,0.9722222238779068,0.9583333358168602,1329.054166666667,106.39841666666665,64,0.05568087473511696,0.0053364368838326,4.4103791521862786e-06,0.0348,0.04166666666666643,381580574.0,-1.9035048074803976e-10,0.8949760546286901,0.7543402798473835,0.941840281089147,0.6944444489975771,0.06770833302289248,0.6944444489975771,0.941840281089147,0.7543402798473835,0.4758506330351035,0.6525622916718324,0.8816550622383753,0.953125,0.9870480249325434,0.9921875049670538,0.9939236144224802,0.9921875049670538,0.0008680555814256271,0.9903831506768862,-5.007912556864724e-10,1.0108277723193169,0.9998945966362953,2.770637884736061,0.9994748383760452,2.24377857726701e-11,25.212577660878498,0.015724498118894797,4287.6113257166,16.375,1.0138889029622078,0,0.004764150983343522,0
141153.728057179,43590,1789294062.3450847,f9uuxsrt,0,0,0,0,0,0.013020833721384406,6738.291666666667,4876.75,2436.389821370443,2354.662913004557,1019.375,1019.375,0.055555557211240135,0.22222222884496054,0.013888889302810034,9.430555870135626,0.5894097418834766,0.75,1.0778180633982022,0.4049744602913658,0.9444444477558136,830,72,1,3,0.038631625810618665,0.0914419695193435,0.013888889302810034,-7.114269844528861e-10,0.9999131808678309,0,0.7361111218730608,0.7222222338120142,0.9444444477558136,0.9444444477558136,1367.2441666666666,96.88166666666666,65,0.05220118165016174,0.004708057802114733,4.388881672123104e-06,0.0322,0.04166666666666643,387648799.0,-5.543860185734199e-10,0.9066119889418284,0.6649305522441864,0.9557291666666666,0.5894097220152617,0.11197916604578495,0.5894097220152617,0.9557291666666666,0.6649305522441864,0.4124906479070584,0.5540315676480532,0.8764467214544615,0.9574652835726738,0.9847445537646612,0.9868706638614336,0.9913194502393404,0.989583338300387,0.0008680555814256271,0.9861145814259847,-7.114269266287702e-10,0.865842075397571,0.9999131833513578,2.7885015457868576,0.9994835133353869,2.3736266426295093e-11,25.34435772895813,0.015361148864030838,4010.0126560349017,15.916666666666666,1.001736119389534,0.08333333333333333,0.007779001568754514,0.00505514705882353
147464.427681357,45446,1789300373.0446675,f9uuxsrt,0,0,0,0,0,0.01649305612469713,7642.916666666667,5319.708333333333,2911.8143259684243,2808.1443634033203,1344.5,1344.5,0.0416666679084301,0.2638888967533906,0.013888889302810034,10.791666984558105,0.6744791865348816,0.6666666666666666,1.0425084680318832,0.4085123458256324,0.9583333358168602,830,67,0.9305555555555556,3,0.03427485716626203,0.09284876905041031,0.013888889302810034,-4.734223254162136e-09,0.999912845591704,0,0.7083333457509676,0.694444457689921,0.9583333358168602,0.9444444477558136,1311.7949999999998,118.23087499999997,66,0.04344681650400162,0.0043758565392029896,4.367053692460385e-06,0.0343,0.04166666666666643,394442969.0,-3.734176097965521e-09,0.8958333283662796,0.7282986131807169,0.94965277860562,0.6744791654249033,0.007812500155220429,0.6744791654249033,0.94965277860562,0.7282986131807169,0.4588778739174207,0.6318151224404573,0.8679108570019404,0.922743059694767,0.9762603342533112,0.9834798177083334,0.9913194477558136,0.9861111119389534,0.004340277907128136,0.9816618959108988,-4.73422304136939e-09,0.9799201600253582,0.9999128431081772,2.879418671131134,0.99960146099329,2.6370254377841806e-11,24.833333333333332,0.012667668226640671,4682.761249510571,15.875,1.0017361243565877,0.041666666666666664,0.0032249602178732553,0.002777777777777778
151776.50148913,46721,1789304685.1185303,f9uuxsrt,0,0,0,0,0,0.01475694488423566,6928.041666666667,5158.875,2471.4063262939453,2387.2572174072266,1012.1666666666666,1012.1666666666666,0.0416666679084301,0.15277778233091036,0,9.638889168699583,0.6024305730437239,1,1.2051997929811478,0.4642697324355443,0.9583333358168602,830,71,0.9861111111111112,3,0.04038514776038937,0.09425556858147714,0,1.1770883665921754e-09,0.9999175841609637,0,0.833333338300387,0.8055555634200573,0.9444444477558136,0.9583333358168602,1334.5166666666667,105.81716666666667,67,0.057557906955480576,0.005478376788232708,4.344899032462525e-06,0.0389,0.04166666666666643,400735117.0,2.1084108718187147e-09,0.9446474785606066,0.7039930534859499,0.94878472139438,0.6024305556590358,0.09027777852800985,0.6024305556590358,0.94878472139438,0.7039930534859499,0.4093108898960054,0.5626768233875433,0.8697916145126025,0.9409722288449606,0.9799367884794871,0.9843207523226738,0.9913194502393404,0.986111119389534,0.0008680555814256271,0.982709156970183,1.1770883018291656e-09,0.8884248255441586,0.9999175767103831,2.936159461736679,0.9995079388221105,2.5957926055707394e-11,25.541666666666668,0.015755737588430446,4291.463923361152,16.041666666666668,1.017361121873061,0,0.018667525068546336,0
